Key (Tuple),Value (List)
"('', '', '')","['{""schema"":null,""payload"":""<188>Oct 20 2024 20:55:38 GPN-0008_SBA-DS_S97-01 SNMP/4/AUTHFAIL:OID 1.3.6.1.6.3.1.1.5.5 authenticationFailure. (RemoteIpAddressType=1, RemoteIpAddress=172.31.26.25)""}']"
"('GPN-0935-REN-CLI--AR22-01', 'SNMP', 'SNMP_LOG_IP_UNLOCK')","['{""schema"":null,""payload"":""<189>Oct 21 2024 10:58:58 GPN-0935_REN-CLI_AR22-01 %%01SNMP/5/SNMP_LOG_IP_UNLOCK(l)[3740]:The IP address of request message was unlocked because timeout. (SourceIPType=1, SourceIP=172.31.25.125)""}']"
"('GPN-0165-SOS-CLI--AR12-01', 'DEFD', 'CPCAR_DROP_MPU')","['{""schema"":null,""payload"":""<188>Oct 21 2024 10:58:59 GPN-0165_SOS-CLI_AR12-01 %%01DEFD/4/CPCAR_DROP_MPU(l)[19156]:Some packets are dropped by cpcar on the MPU. (Packet-type=arp-request, Drop-Count=78)""}']"
"('GPN-0071-EDN-HOS--AR12-01', 'LLDP', 'BAD_PACKET')","['{""schema"":null,""payload"":""<188>Oct 21 2024 11:02:59 GPN-0071_EDN-HOS_AR12-01 %%01LLDP/4/BAD_PACKET(l)[63522]:2 invalid packets were received after latest notification. The last invalid packet came from interface Ethernet0/0/0.""}']"
"('GPN-1302-LEK-SEC-SCH-AR12-01', 'SNMP', 'SNMP_LOG_IP_UNLOCK')","['{""schema"":null,""payload"":""<189>Oct 21 2024 10:59:00 GPN-1302_LEK-SEC-SCH_AR12-01 %%01SNMP/5/SNMP_LOG_IP_UNLOCK(l)[27]:The IP address of request message was unlocked because timeout. (SourceIPType=1, SourceIP=10.196.87.251)""}']"
"('GPN-1302-LEK-SEC-SCH-AR12-01', 'SNMP', 'SNMP_IP_LOCK')","['{""schema"":null,""payload"":""<189>Oct 21 2024 10:59:00 GPN-1302_LEK-SEC-SCH_AR12-01 %%01SNMP/5/SNMP_IP_LOCK(l)[28]:The IP address of request message was locked because authentication failed. (SourceIPType=1, SourceIP=10.196.87.251)""}']"
"('GPN-1348-TSW-SEC-SCH-AR12-01', 'SHELL', 'CMDRECORD')","['{""schema"":null,""payload"":""<189>Oct 21 2024 11:03:24 GPN-1348_TSW-SEC-SCH_AR12-01 %%01SHELL/5/CMDRECORD(l)[7557]:Record command information. (Task=Co0, Ip=**, User=**, Command=\\""log on fail\\"", Result=Success) ""}']"
"('GBN-0007-SED-CR--M14-02', 'OSPF', 'RCV_ERR_PACKET')","['{""schema"":null,""payload"":""<187>Oct 21 2024 10:59:14 GBN-0007_SED-CR_M14-02 %%01OSPF/3/RCV_ERR_PACKET(l):CID=0x808305aa;OSPFv2 received error packet and dropped it.(ProcessId=6, PktType=4, ErrPktCnt=227, LocalComp=0x808305aa, PeerComp=0x808205ae, IfName=GigabitEthernet0/5/0.6, AreaId=0.0.0.0, ErrPktReason=The packet type does not match the neighbor status)""}']"
"('GPN-1325-MPO-SEC-SCH-AR12-01', 'INFO', 'SUPPRESS_LOG')","['{""schema"":null,""payload"":""<188>Oct 21 2024 10:59:04 GPN-1325_MPO-SEC-SCH_AR12-01 %%01INFO/4/SUPPRESS_LOG(l)[10932]:Last message repeated 11 times.(InfoID=3247640584, ModuleName=LLDP, InfoAlias=BAD_PACKET) ""}']"
"('GPN-0870-FAN-NHL-CLI-AR12-01', 'LLDP', 'BAD_PACKET')","['{""schema"":null,""payload"":""<188>Oct 21 2024 11:03:04 GPN-0870_FAN-NHL-CLI_AR12-01 %%01LLDP/4/BAD_PACKET(l)[395]:2 invalid packets were received after latest notification. The last invalid packet came from interface GigabitEthernet0/0/1.""}']"
"('GPN-0200-BEN-ROA-TRA-AR12-01', 'SHELL', 'CMDRECORD')","['{""schema"":null,""payload"":""<189>Oct 21 2024 11:03:35 GPN-0200_BEN-ROA-TRA_AR12-01 %%01SHELL/5/CMDRECORD(l)[6228]:Record command information. (Task=Co0, Ip=**, User=**, Command=\\""log on fail\\"", Result=Success) ""}']"
"('GPN-0485-CHB-DID--AR12-01', 'CM', 'USER_ACCESSRESULT')","['{""schema"":null,""payload"":""<189>Oct 21 2024 10:59:05 GPN-0485_CHB-DID_AR12-01 %%01CM/5/USER_ACCESSRESULT(s)[1276]:[USER_INFO_AUTHENTICATION]DEVICEMAC:24-9e-ab-a6-49-95;DEVICENAME:GPN-0485_CHB-DID_AR12-01;USER:soc_admin;MAC:ff-ff-ff-ff-ff-ff;TIME:1729508345;ZONE:UTC+0200;DAYLIGHT:false;ERRCODE:255;RESULT:success;""}']"
"('GPN-0485-CHB-DID--AR12-01', 'SHELL', 'CMDRECORD')","['{""schema"":null,""payload"":""<189>Oct 21 2024 10:59:16 GPN-0485_CHB-DID_AR12-01 %%01SHELL/5/CMDRECORD(l)[1279]:Record command information. (Task=vt1, Ip=10.255.253.18, User=soc_admin, Command=\\""log off (ssh user)\\"", Result=Success) ""}']"
"('GPN-0231-BOI-EDU--AR12-01', 'SHELL', 'CMDRECORD')","['{""schema"":null,""payload"":""<189>Oct 21 2024 11:03:36 GPN-0231_BOI-EDU_AR12-01 %%01SHELL/5/CMDRECORD(l)[229372]:Record command information. (Task=Co0, Ip=**, User=**, Command=\\""log on fail\\"", Result=Success) ""}']"
"('GPN-0038-GER-MOR-PAT-AR12-01', 'SECE', 'ARPMISS')","['{""schema"":null,""payload"":""<190>Oct 21 2024 10:59:10 GPN-0038_GER-MOR-PAT_AR12-01 %%01SECE/6/ARPMISS(l)[4951]:Attack occurred.(AttackType=Arp Miss Attack, SourceInterface=GigabitEthernet0/0/1, SourceIP=10.90.23.247, AttackPackets=6 packets per second)""}']"
"('GPN-0446-GST-02F-GIF-AR12-01', 'LLDP', 'BAD_PACKET')","['{""schema"":null,""payload"":""<188>Oct 21 2024 11:03:10 GPN-0446_GST-02F-GIF_AR12-01 %%01LLDP/4/BAD_PACKET(l)[1359]:2 invalid packets were received after latest notification. The last invalid packet came from interface GigabitEthernet0/0/1.""}']"
"('GPN-0150-BED-G-FLE-AR12-01', 'DEFD', 'CPCAR_DROP_MPU')","['{""schema"":null,""payload"":""<188>Oct 21 2024 10:59:11 GPN-0150_BED-G-FLE_AR12-01 %%01DEFD/4/CPCAR_DROP_MPU(l)[25460]:Some packets are dropped by cpcar on the MPU. (Packet-type=unknown-multicast, Drop-Count=6617)""}']"
"('GPN-0150-BED-G-FLE-AR12-01', 'SECE', 'ARPMISS')","['{""schema"":null,""payload"":""<190>Oct 21 2024 10:59:12 GPN-0150_BED-G-FLE_AR12-01 %%01SECE/6/ARPMISS(l)[25461]:Attack occurred.(AttackType=Arp Miss Attack, SourceInterface=GigabitEthernet0/0/1, SourceIP=10.1.123.5, AttackPackets=6 packets per second)""}']"
"('GPN-0002-GST-DS--S97-01', 'INFO', 'SUPPRESS_LOG')","['{""schema"":null,""payload"":""<188>Oct 21 2024 11:03:08 GPN-0002_GST-DS_S97-01 %%01INFO/4/SUPPRESS_LOG(l)[4463]:Last message repeated 1 times.(InfoID=1097732096, ModuleName=ARP, InfoAlias=ARP_DUPLICATE_IPADDR)""}']"
"('GPN-0479-WES-RAN--AR22-01', 'LLDP', 'BAD_PACKET')","['{""schema"":null,""payload"":""<188>Oct 21 2024 11:03:28 GPN-0479_WES-RAN_AR22-01 %%01LLDP/4/BAD_PACKET(l)[1796]:3 invalid packets were received after latest notification. The last invalid packet came from interface GigabitEthernet0/0/1.""}']"
"('GPN-0159-LEN-CLI--AR12-01', 'SHELL', 'CMDRECORD')","['{""schema"":null,""payload"":""<189>Oct 21 2024 11:03:43 GPN-0159_LEN-CLI_AR12-01 %%01SHELL/5/CMDRECORD(l)[186157]:Record command information. (Task=Co0, Ip=**, User=**, Command=\\""log on fail\\"", Result=Success) ""}']"
"('GPN-0158-HEI-CLI--AR12-01', 'LLDP', 'BAD_PACKET')","['{""schema"":null,""payload"":""<188>Oct 21 2024 11:03:14 GPN-0158_HEI-CLI_AR12-01 %%01LLDP/4/BAD_PACKET(l)[18616]:2 invalid packets were received after latest notification. The last invalid packet came from interface GigabitEthernet0/0/1.""}']"
"('GPN-0554-FOR-INC-CEN-AR12-01', 'INFO', 'SUPPRESS_LOG')","['{""schema"":null,""payload"":""<188>Oct 21 2024 10:59:15 GPN-0554_FOR-INC-CEN_AR12-01 %%01INFO/4/SUPPRESS_LOG(l)[8540]:Last message repeated 37 times.(InfoID=3227586564, ModuleName=FTPS, InfoAlias=REQUEST) ""}']"
"('GPN-0485-CHB-DID--AR12-01', 'CM', 'USER_OFFLINERESULT')","['{""schema"":null,""payload"":""<189>Oct 21 2024 10:59:16 GPN-0485_CHB-DID_AR12-01 %%01CM/5/USER_OFFLINERESULT(s)[1280]:[USER_INFO_OFFLINE]DEVICEMAC:24-9e-ab-a6-49-95;DEVICENAME:GPN-0485_CHB-DID_AR12-01;USER:soc_admin;MAC:ff-ff-ff-ff-ff-ff;TIME:1729508356;ZONE:UTC+0200;DAYLIGHT:false;ERRCODE:19;RESULT:User request to offline;""}']"
"('GPN-0485-CHB-DID--AR12-01', 'CM', 'CM_USEROFFLINE')","['{""schema"":null,""payload"":""<189>Oct 21 2024 10:59:16 GPN-0485_CHB-DID_AR12-01 %%01CM/5/CM_USEROFFLINE(s)[1281]:The user succeeded in going offline. (UserType=SSH, UserName=soc_admin, UserMac=, IP=10.255.253.18, VPNName=, AccessTime=2024/10/21 12:59:05, OfflineTime=2024/10/21 12:59:16, Reason=User request to offline)""}']"
"('GPN-0014-DID-COR-HOU-AR22-01', 'CM', 'USER_ACCESSRESULT')","['{""schema"":null,""payload"":""<189>Oct 21 2024 10:59:19 GPN-0014_DID-COR-HOU_AR22-01 %%01CM/5/USER_ACCESSRESULT(s)[31505]:[USER_INFO_AUTHENTICATION]DEVICEMAC:e4-68-a3-ac-f3-6f;DEVICENAME:GPN-0014_DID-COR-HOU_AR22-01;USER:soc_admin;MAC:ff-ff-ff-ff-ff-ff;TIME:1729508359;ZONE:UTC+0200;DAYLIGHT:false;ERRCODE:0;RESULT:success;""}']"
"('GPN-0014-DID-COR-HOU-AR22-01', 'SHELL', 'CMDRECORD')","['{""schema"":null,""payload"":""<189>Oct 21 2024 11:02:59 GPN-0014_DID-COR-HOU_AR22-01 %%01SHELL/5/CMDRECORD(l)[31517]:Record command information. (Task=vt0, Ip=10.255.253.18, User=soc_admin, Command=\\""log off (ssh user)\\"", Result=Success) ""}']"
"('GPN-0004-CHB-CR--M14-01', 'SSH', 'SSH_USER_LOGIN_FAIL_SCHD')","['{""schema"":null,""payload"":""<189>Oct 21 2024 11:02:44 GPN-0004_CHB-CR_M14-01 %%01SSH/5/SSH_USER_LOGIN_FAIL_SCHD(l):CID=0x80930446;Failed to login through SSH 1 time(s) in last 1 minute(s).""}']"
"('GPN-0320-KT-MAT-CLI-AR12-01', 'LLDP', 'BAD_PACKET')","['{""schema"":null,""payload"":""<188>Oct 21 2024 11:03:28 GPN-0320_KT-MAT-CLI_AR12-01 %%01LLDP/4/BAD_PACKET(l)[1252]:2 invalid packets were received after latest notification. The last invalid packet came from interface GigabitEthernet0/0/1.""}']"
"('GPN-0341-WIN-CLI--AR12-01', 'FTPS', 'REQUEST')","['{""schema"":null,""payload"":""<189>Oct 21 2024 10:59:29 GPN-0341_WIN-CLI_AR12-01 %%01FTPS/5/REQUEST(l)[32]:The user had a request. (UserName=\\""\\"", IpAddress=IP/IPV6: 172.31.252.204 , VpnInstanceName=\\""VPN: \\"", Request=QUIT)""}']"
"('GBN-0143-KAL-HOS--AR12-01', 'DEFD', 'CPCAR_DROP_MPU')","['{""schema"":null,""payload"":""<188>Oct 21 2024 10:59:30 GBN-0143_KAL-HOS_AR12-01 %%01DEFD/4/CPCAR_DROP_MPU(l)[564]:Some packets are dropped by cpcar on the MPU. (Packet-type=arp-miss, Drop-Count=4478)""}']"
"('GPN-0014-DID-COR-HOU-AR22-01', 'CM', 'USER_OFFLINERESULT')","['{""schema"":null,""payload"":""<189>Oct 21 2024 10:59:30 GPN-0014_DID-COR-HOU_AR22-01 %%01CM/5/USER_OFFLINERESULT(s)[31509]:[USER_INFO_OFFLINE]DEVICEMAC:e4-68-a3-ac-f3-6f;DEVICENAME:GPN-0014_DID-COR-HOU_AR22-01;USER:soc_admin;MAC:ff-ff-ff-ff-ff-ff;TIME:1729508370;ZONE:UTC+0200;DAYLIGHT:false;ERRCODE:19;RESULT:User request to offline;""}']"
"('GPN-0014-DID-COR-HOU-AR22-01', 'CM', 'CM_USEROFFLINE')","['{""schema"":null,""payload"":""<189>Oct 21 2024 11:02:59 GPN-0014_DID-COR-HOU_AR22-01 %%01CM/5/CM_USEROFFLINE(s)[31518]:The user succeeded in going offline. (UserType=SSH, UserName=soc_admin, UserMac=, IP=10.255.253.18, VPNName=, AccessTime=2024/10/21 13:02:48, OfflineTime=2024/10/21 13:02:59, Reason=User request to offline)""}']"
"('GPN-3349-VER-LIQ-BOA-AR12-01', 'CM', 'USER_ACCESSRESULT')","['{""schema"":null,""payload"":""<189>Oct 21 2024 10:59:32 GPN-3349_VER-LIQ-BOA_AR12-01 %%01CM/5/USER_ACCESSRESULT(s)[7950]:[USER_INFO_AUTHENTICATION]DEVICEMAC:24-9e-ab-a6-35-75;DEVICENAME:GPN-3349_VER-LIQ-BOA_AR12-01;USER:soc_admin;MAC:ff-ff-ff-ff-ff-ff;TIME:1729508372;ZONE:UTC-0000;DAYLIGHT:false;ERRCODE:255;RESULT:success;""}']"
"('GPN-0480-SED-MUN-OFF-AR12-01', 'LLDP', 'BAD_PACKET')","['{""schema"":null,""payload"":""<188>Oct 21 2024 11:03:32 GPN-0480_SED-MUN-OFF_AR12-01 %%01LLDP/4/BAD_PACKET(l)[84110]:2 invalid packets were received after latest notification. The last invalid packet came from interface GigabitEthernet0/0/1.""}']"
"('GPN-3349-VER-LIQ-BOA-AR12-01', 'SHELL', 'CMDRECORD')","['{""schema"":null,""payload"":""<189>Oct 21 2024 10:59:47 GPN-3349_VER-LIQ-BOA_AR12-01 %%01SHELL/5/CMDRECORD(l)[7953]:Record command information. (Task=vt1, Ip=10.255.253.18, User=soc_admin, Command=\\""log off (ssh user)\\"", Result=Success) ""}']"
"('GPN-0136-HEI-TRA--AR12-01', 'SECE', 'ARPMISS')","['{""schema"":null,""payload"":""<190>Oct 21 2024 10:59:35 GPN-0136_HEI-TRA_AR12-01 %%01SECE/6/ARPMISS(l)[3784]:Attack occurred.(AttackType=Arp Miss Attack, SourceInterface=GigabitEthernet0/0/1, SourceIP=10.20.4.240, AttackPackets=6 packets per second)""}']"
"('GPN-0064-LER-HOS--AR12-01', 'DEFD', 'CPCAR_DROP_MPU')","['{""schema"":null,""payload"":""<188>Oct 21 2024 10:59:40 GPN-0064_LER-HOS_AR12-01 %%01DEFD/4/CPCAR_DROP_MPU(l)[15313]:Some packets are dropped by cpcar on the MPU. (Packet-type=arp-request, Drop-Count=778)""}']"
"('GPN-0200-BEN-ROA-TRA-AR12-01', 'SECE', 'ARPMISS')","['{""schema"":null,""payload"":""<190>Oct 21 2024 10:59:41 GPN-0200_BEN-ROA-TRA_AR12-01 %%01SECE/6/ARPMISS(l)[6213]:Attack occurred.(AttackType=Arp Miss Attack, SourceInterface=GigabitEthernet0/0/1, SourceIP=10.1.102.89, AttackPackets=6 packets per second)""}']"
"('GBN-0055-TEM-HOS--AR22-01', 'SECE', 'ARPMISS')","['{""schema"":null,""payload"":""<190>Oct 21 2024 11:03:44 GBN-0055_TEM-HOS_AR22-01 %%01SECE/6/ARPMISS(l)[3949]:Attack occurred.(AttackType=Arp Miss Attack, SourceInterface=GigabitEthernet0/0/1, SourceIP=10.150.255.188, AttackPackets=6 packets per second)""}']"
"('GPN-1220-PEL-PRI-SCH-AR12-01', 'INFO', 'SUPPRESS_LOG')","['{""schema"":null,""payload"":""<188>Oct 21 2024 10:59:42 GPN-1220_PEL-PRI-SCH_AR12-01 %%01INFO/4/SUPPRESS_LOG(l)[101017]:Last message repeated 690 times.(InfoID=3230470157, ModuleName=QOS, InfoAlias=SACL_LOG) ""}']"
"('GPN-4037-NEW-KEK-CLI-AR6121-01', 'CPUP', 'SINGLE_CORE_CPU_USAGE_RESUME')","['{""schema"":null,""payload"":""<188>Oct 21 2024 11:03:01 GPN-4037_NEW-KEK-CLI_AR6121-01 %%01CPUP/4/SINGLE_CORE_CPU_USAGE_RESUME(l)[4278]:Cap CPU utilization of single core resumed from exceeding the pre-alarm threshold.(CoreIndex=3, CpuUsage=69%, Threshold=70%)""}']"
"('GPN-0153-ZWA-GAU-PUB-AR12-01', 'CM', 'USER_ACCESSRESULT')","['{""schema"":null,""payload"":""<189>Oct 21 2024 10:59:45 GPN-0153_ZWA-GAU-PUB_AR12-01 %%01CM/5/USER_ACCESSRESULT(s)[2467]:[USER_INFO_AUTHENTICATION]DEVICEMAC:24-9e-ab-a6-35-78;DEVICENAME:GPN-0153_ZWA-GAU-PUB_AR12-01;USER:soc_admin;MAC:ff-ff-ff-ff-ff-ff;TIME:1729508385;ZONE:UTC+0200;DAYLIGHT:false;ERRCODE:255;RESULT:success;""}']"
"('GPN-0153-ZWA-GAU-PUB-AR12-01', 'SHELL', 'CMDRECORD')","['{""schema"":null,""payload"":""<189>Oct 21 2024 10:59:48 GPN-0153_ZWA-GAU-PUB_AR12-01 %%01SHELL/5/CMDRECORD(l)[2470]:Record command information. (Task=vt1, Ip=10.255.253.18, User=soc_admin, Command=\\""log off (ssh user)\\"", Result=Success) ""}']"
"('GPN-3349-VER-LIQ-BOA-AR12-01', 'CM', 'USER_OFFLINERESULT')","['{""schema"":null,""payload"":""<189>Oct 21 2024 10:59:47 GPN-3349_VER-LIQ-BOA_AR12-01 %%01CM/5/USER_OFFLINERESULT(s)[7954]:[USER_INFO_OFFLINE]DEVICEMAC:24-9e-ab-a6-35-75;DEVICENAME:GPN-3349_VER-LIQ-BOA_AR12-01;USER:soc_admin;MAC:ff-ff-ff-ff-ff-ff;TIME:1729508387;ZONE:UTC-0000;DAYLIGHT:false;ERRCODE:19;RESULT:User request to offline;""}']"
"('GPN-3349-VER-LIQ-BOA-AR12-01', 'CM', 'CM_USEROFFLINE')","['{""schema"":null,""payload"":""<189>Oct 21 2024 10:59:47 GPN-3349_VER-LIQ-BOA_AR12-01 %%01CM/5/CM_USEROFFLINE(s)[7955]:The user succeeded in going offline. (UserType=SSH, UserName=soc_admin, UserMac=, IP=10.255.253.18, VPNName=, AccessTime=2024/10/21 10:59:32, OfflineTime=2024/10/21 10:59:47, Reason=User request to offline)""}']"
"('GPN-0008-SBA-DS--S97-01', 'SNMP', 'SNMP_FAIL')","['{""schema"":null,""payload"":""<188>Oct 20 2024 20:55:38 GPN-0008_SBA-DS_S97-01 %%01SNMP/4/SNMP_FAIL(l)[8535]:Failed to login through SNMP. (Ip=172.31.26.25, Times=1, Reason=decoded PDU error)""}']"
"('GPN-0256-OR-TAM-CLI-AR12-01', 'SNMP', 'SNMP_LOG_IP_UNLOCK')","['{""schema"":null,""payload"":""<189>Oct 21 2024 11:04:29 GPN-0256_OR-TAM-CLI_AR12-01 %%01SNMP/5/SNMP_LOG_IP_UNLOCK(l)[273]:The IP address of request message was unlocked because timeout. (SourceIPType=1, SourceIP=172.31.26.25)""}']"
"('GPN-0256-OR-TAM-CLI-AR12-01', 'SNMP', 'SNMP_IP_LOCK')","['{""schema"":null,""payload"":""<189>Oct 21 2024 11:04:29 GPN-0256_OR-TAM-CLI_AR12-01 %%01SNMP/5/SNMP_IP_LOCK(l)[274]:The IP address of request message was locked because authentication failed. (SourceIPType=1, SourceIP=172.31.26.25)""}']"
"('GPN-0153-ZWA-GAU-PUB-AR12-01', 'CM', 'USER_OFFLINERESULT')","['{""schema"":null,""payload"":""<189>Oct 21 2024 10:59:48 GPN-0153_ZWA-GAU-PUB_AR12-01 %%01CM/5/USER_OFFLINERESULT(s)[2471]:[USER_INFO_OFFLINE]DEVICEMAC:24-9e-ab-a6-35-78;DEVICENAME:GPN-0153_ZWA-GAU-PUB_AR12-01;USER:soc_admin;MAC:ff-ff-ff-ff-ff-ff;TIME:1729508388;ZONE:UTC+0200;DAYLIGHT:false;ERRCODE:19;RESULT:User request to offline;""}']"
"('GPN-0153-ZWA-GAU-PUB-AR12-01', 'CM', 'CM_USEROFFLINE')","['{""schema"":null,""payload"":""<189>Oct 21 2024 10:59:48 GPN-0153_ZWA-GAU-PUB_AR12-01 %%01CM/5/CM_USEROFFLINE(s)[2472]:The user succeeded in going offline. (UserType=SSH, UserName=soc_admin, UserMac=, IP=10.255.253.18, VPNName=, AccessTime=2024/10/21 12:59:45, OfflineTime=2024/10/21 12:59:48, Reason=User request to offline)""}']"
"('GPN-0479-WES-RAN--AR22-01', 'DEFD', 'CPCAR_DROP_MPU')","['{""schema"":null,""payload"":""<188>Oct 21 2024 10:59:53 GPN-0479_WES-RAN_AR22-01 %%01DEFD/4/CPCAR_DROP_MPU(l)[1790]:Some packets are dropped by cpcar on the MPU. (Packet-type=arp-request, Drop-Count=61)""}']"
"('GBN-0021-JUT-STR--AR22-01', 'CM', 'USER_ACCESSRESULT')","['{""schema"":null,""payload"":""<189>Oct 21 2024 10:59:54 GBN-0021_JUT-STR_AR22-01 %%01CM/5/USER_ACCESSRESULT(s)[5447]:[USER_INFO_AUTHENTICATION]DEVICEMAC:34-00-a3-4b-fa-e0;DEVICENAME:GBN-0021_JUT-STR_AR22-01;USER:soc_admin;MAC:ff-ff-ff-ff-ff-ff;TIME:1729508394;ZONE:UTC+0200;DAYLIGHT:false;ERRCODE:0;RESULT:success;""}']"
"('GBN-0021-JUT-STR--AR22-01', 'SHELL', 'CMDRECORD')","['{""schema"":null,""payload"":""<189>Oct 21 2024 10:59:56 GBN-0021_JUT-STR_AR22-01 %%01SHELL/5/CMDRECORD(l)[5450]:Record command information. (Task=vt0, Ip=10.255.253.18, User=soc_admin, Command=\\""log off (ssh user)\\"", Result=Success) ""}']"
"('GPN-0287-TLA-CLI--AR12-01', 'LLDP', 'BAD_PACKET')","['{""schema"":null,""payload"":""<188>Oct 21 2024 11:02:54 GPN-0287_TLA-CLI_AR12-01 %%01LLDP/4/BAD_PACKET(l)[1481]:2 invalid packets were received after latest notification. The last invalid packet came from interface GigabitEthernet0/0/1.""}']"
"('GPN-0277-DAV-CLI--S57-01', 'INFO', 'SUPPRESS_LOG')","['{""schema"":null,""payload"":""<188>Oct 21 2024 10:59:54 GPN-0277_DAV-CLI_S57-01 %%01INFO/4/SUPPRESS_LOG(l)[4169]:Last message repeated 2 times.(InfoID=1080102916, ModuleName=FTPS, InfoAlias=REQUEST)""}']"
"('GPN-0004-CHB-CR--M14-01', 'DRIVER', 'HWPORTDOWNREASON')","['{""schema"":null,""payload"":""<187>Oct 21 2024 11:01:55 GPN-0004_CHB-CR_M14-01 %%01DRIVER/3/HWPORTDOWNREASON(l):CID=0x80fc000f;The physical status of the Port0 on Card5 in slot 0 changed to Down. The possible cause is: LOCAL_FAULT ""}']"
"('GPN-0004-CHB-CR--M14-01', 'OSPF', 'OSPF_INTF_STATE_CHANGE')","['{""schema"":null,""payload"":""<190>Oct 21 2024 10:59:56 GPN-0004_CHB-CR_M14-01 %%01OSPF/6/OSPF_INTF_STATE_CHANGE(l):CID=0x8082053f;Interface 172.17.64.253 state changed from DROther to Down. (Event=InterfaceDown, ProcessId=2, AreaId=0.0.0.0)""}']"
"('GPN-0004-CHB-CR--M14-01', 'OSPF', 'NBR_DOWN_REASON')","['{""schema"":null,""payload"":""<187>Oct 21 2024 11:01:51 GPN-0004_CHB-CR_M14-01 %%01OSPF/3/NBR_DOWN_REASON(l):CID=0x8083053b;Neighbor state left full or changed to Down. (ProcessId=2, NeighborRouterId=172.17.64.1, NeighborIp=172.17.64.1, NeighborAreaId=0.0.0.0, NeighborInterface=GigabitEthernet0/5/0.2, NeighborDownImmediate reason=Neighbor Down Due to Kill Neighbor, NeighborDownPrimeReason=Link Fault or Interface Configuration Change, CpuUsage=44%, VpnName=GPG.VPN, IfMTU=1500, LocalIp=172.17.64.253)""}']"
"('GPN-0004-CHB-CR--M14-01', 'OSPF', 'NBR_CHANGE')","['{""schema"":null,""payload"":""<190>Oct 21 2024 11:02:38 GPN-0004_CHB-CR_M14-01 %%01OSPF/6/NBR_CHANGE(l):CID=0x8083053b;Neighbor changes event: neighbor status changed. (ProcessId=805, NbrIpAddr=10.0.0.50, Interface=GigabitEthernet0/5/0.805, NbrEvent=LoadingDone, NbrPreviousState=Loading, NbrCurrentState=Full,CpuUsage=45, AreaId=0.0.0.0)""}']"
"('GBN-0007-SED-CR--M14-02', 'OSPF', 'NBR_DOWN_REASON')","['{""schema"":null,""payload"":""<187>Oct 21 2024 11:02:27 GBN-0007_SED-CR_M14-02 %%01OSPF/3/NBR_DOWN_REASON(l):CID=0x808305aa;Neighbor state left full or changed to Down. (ProcessId=2, NeighborRouterId=172.17.0.2, NeighborIp=172.17.64.253, NeighborAreaId=0.0.0.0, NeighborInterface=GigabitEthernet0/5/0.2, NeighborDownImmediate reason=Neighbor Down Due to 1-Wayhello Received, NeighborDownPrimeReason=1-Wayhello Received, CpuUsage=44%, VpnName=GPG.VPN, IfMTU=1500, LocalIp=172.17.64.2)""}']"
"('GBN-0007-SED-CR--M14-02', 'OSPF', 'NBR_CHANGE')","['{""schema"":null,""payload"":""<190>Oct 21 2024 11:02:38 GBN-0007_SED-CR_M14-02 %%01OSPF/6/NBR_CHANGE(l):CID=0x808305aa;Neighbor changes event: neighbor status changed. (ProcessId=801, NbrIpAddr=10.0.0.54, Interface=GigabitEthernet0/5/0.801, NbrEvent=LoadingDone, NbrPreviousState=Loading, NbrCurrentState=Full,CpuUsage=44, AreaId=0.0.0.0)""}']"
"('GBN-0021-JUT-STR--AR22-01', 'CM', 'USER_OFFLINERESULT')","['{""schema"":null,""payload"":""<189>Oct 21 2024 10:59:56 GBN-0021_JUT-STR_AR22-01 %%01CM/5/USER_OFFLINERESULT(s)[5451]:[USER_INFO_OFFLINE]DEVICEMAC:34-00-a3-4b-fa-e0;DEVICENAME:GBN-0021_JUT-STR_AR22-01;USER:soc_admin;MAC:ff-ff-ff-ff-ff-ff;TIME:1729508396;ZONE:UTC+0200;DAYLIGHT:false;ERRCODE:19;RESULT:User request to offline;""}']"
"('GBN-0021-JUT-STR--AR22-01', 'CM', 'CM_USEROFFLINE')","['{""schema"":null,""payload"":""<189>Oct 21 2024 10:59:56 GBN-0021_JUT-STR_AR22-01 %%01CM/5/CM_USEROFFLINE(s)[5452]:The user succeeded in going offline. (UserType=SSH, UserName=soc_admin, UserMac=, IP=10.255.253.18, VPNName=, AccessTime=2024/10/21 12:59:54, OfflineTime=2024/10/21 12:59:56, Reason=User request to offline)""}']"
"('GPN-0005-75FOX-CR--X8-01', 'SNMP', 'SNMP_IPUNLOCK')","['{""schema"":null,""payload"":""<188>Oct 21 2024 11:02:59 GPN-0005_75FOX-CR_X8-01 %%01SNMP/4/SNMP_IPUNLOCK(s):CID=0x80d50412;The source IP was unlocked.(SourceIP=165.90.35.98, VPN=SKYWIRE.VPN)\\r\\n""}']"
"('GPN-0088-PRE-TOW--AR12-01', 'CM', 'USER_ACCESSRESULT')","['{""schema"":null,""payload"":""<189>Oct 21 2024 10:59:59 GPN-0088_PRE-TOW_AR12-01 %%01CM/5/USER_ACCESSRESULT(s)[330]:[USER_INFO_AUTHENTICATION]DEVICEMAC:34-00-a3-4e-f5-48;DEVICENAME:GPN-0088_PRE-TOW_AR12-01;USER:soc_admin;MAC:ff-ff-ff-ff-ff-ff;TIME:1729508399;ZONE:UTC+0200;DAYLIGHT:false;ERRCODE:255;RESULT:success;""}']"
"('GPN-0088-PRE-TOW--AR12-01', 'SHELL', 'CMDRECORD')","['{""schema"":null,""payload"":""<189>Oct 21 2024 11:00:02 GPN-0088_PRE-TOW_AR12-01 %%01SHELL/5/CMDRECORD(l)[333]:Record command information. (Task=vt0, Ip=10.255.253.18, User=soc_admin, Command=\\""log off (ssh user)\\"", Result=Success) ""}']"
"('GPN-0005-75FOX-CR--X8-01', 'SSH', 'SSH_USER_LOGIN')","['{""schema"":null,""payload"":""<189>Oct 21 2024 11:02:25 GPN-0005_75FOX-CR_X8-01 %%01SSH/5/SSH_USER_LOGIN(s):CID=0x8093044d;The SSH user succeeded in logging in. (ServiceType=snetconf, UserName=nms_admin, IPAddress=172.31.25.125, VPNInstanceName=_public_.)\\r\\n""}']"
"('GPN-0484-GEO-MUK-HOS-AR12-01', 'SECE', 'PORT_ATTACK')","['{""schema"":null,""payload"":""<188>Oct 21 2024 11:02:42 GPN-0484_GEO-MUK-HOS_AR12-01 %%01SECE/4/PORT_ATTACK(l)[489294]:Port attack occurred.(Slot=MPU, SourceAttackInterface=GigabitEthernet0/0/0, OuterVlan/InnerVlan=1001/0, AttackPackets=16 packets per second)""}']"
"('GPN-0088-PRE-TOW--AR12-01', 'CM', 'USER_OFFLINERESULT')","['{""schema"":null,""payload"":""<189>Oct 21 2024 11:00:03 GPN-0088_PRE-TOW_AR12-01 %%01CM/5/USER_OFFLINERESULT(s)[334]:[USER_INFO_OFFLINE]DEVICEMAC:34-00-a3-4e-f5-48;DEVICENAME:GPN-0088_PRE-TOW_AR12-01;USER:soc_admin;MAC:ff-ff-ff-ff-ff-ff;TIME:1729508403;ZONE:UTC+0200;DAYLIGHT:false;ERRCODE:19;RESULT:User request to offline;""}']"
"('GPN-0088-PRE-TOW--AR12-01', 'CM', 'CM_USEROFFLINE')","['{""schema"":null,""payload"":""<189>Oct 21 2024 11:00:03 GPN-0088_PRE-TOW_AR12-01 %%01CM/5/CM_USEROFFLINE(s)[335]:The user succeeded in going offline. (UserType=SSH, UserName=soc_admin, UserMac=, IP=10.255.253.18, VPNName=, AccessTime=2024/10/21 12:59:59, OfflineTime=2024/10/21 13:00:03, Reason=User request to offline)""}']"
"('GPN-0329-PON-CLI--AR12-01', 'DEV', 'ENTUP')","['{""schema"":null,""payload"":""<188>Oct 21 2024 10:59:57 GPN-0329_PON-CLI_AR12-01 %%01DEV/4/ENTUP(l)[3]:AR1220V board[0] register success.""}']"
"('GPN-0329-PON-CLI--AR12-01', 'IFPDT', 'IF_STATE')","['{""schema"":null,""payload"":""<188>Oct 21 2024 10:59:58 GPN-0329_PON-CLI_AR12-01 %%01IFPDT/4/IF_STATE(l)[4]:Interface GigabitEthernet0/0/1 has turned into UP state.""}']"
"('GPN-0547-BRE-PRI-SPL-AR22-01', 'SNMP', 'SNMP_LOG_IP_UNLOCK')","['{""schema"":null,""payload"":""<189>Oct 21 2024 11:00:10 GPN-0547_BRE-PRI-SPL_AR22-01 %%01SNMP/5/SNMP_LOG_IP_UNLOCK(l)[2262]:The IP address of request message was unlocked because timeout. (SourceIPType=1, SourceIP=10.194.102.117)""}']"
"('GPN-0547-BRE-PRI-SPL-AR22-01', 'SNMP', 'SNMP_IP_LOCK')","['{""schema"":null,""payload"":""<189>Oct 21 2024 11:00:10 GPN-0547_BRE-PRI-SPL_AR22-01 %%01SNMP/5/SNMP_IP_LOCK(l)[2263]:The IP address of request message was locked because authentication failed. (SourceIPType=1, SourceIP=10.194.102.117)""}']"
"('GPN-0484-GEO-MUK-HOS-AR12-01', 'IFPDT', 'IF_STATE')","['{""schema"":null,""payload"":""<188>Oct 21 2024 11:03:10 GPN-0484_GEO-MUK-HOS_AR12-01 %%01IFPDT/4/IF_STATE(l)[489300]:Interface GigabitEthernet0/0/2 has turned into DOWN state.""}']"
"('GPN-0008-SBA-DS--S97-01', 'SECE', 'ARPMISS')","['{""schema"":null,""payload"":""<188>Oct 20 2024 20:51:51 GPN-0008_SBA-DS_S97-01 %%01SECE/4/ARPMISS(l)[8534]:Attack occurred.(AttackType=Arp Miss Attack, SourceInterface=XGigabitEthernet3/0/1, SourceIP=165.90.56.174, AttackPackets=31 packets per second)""}']"
"('GBN-0003-TRC-CR--X8-02', 'SSH', 'SSH_USER_LOGIN_FAIL')","['{""schema"":null,""payload"":""<189>Oct 21 2024 11:02:27 GBN-0003_TRC-CR_X8-02 %%01SSH/5/SSH_USER_LOGIN_FAIL(s):CID=0x80930452;The SSH user failed to login. (ServiceType=, FailedReason=The IP has been blocked and you cannot log on it, UserName=Could not extract user name, IPAddress=172.31.25.125, VPNInstanceName=_public_.)\\r\\n""}']"
"('GPN-0005-75FOX-CR--X8-02', 'SSH', 'SSH_USER_LOGIN')","['{""schema"":null,""payload"":""<189>Oct 21 2024 11:02:27 GPN-0005_75FOX-CR_X8-02 %%01SSH/5/SSH_USER_LOGIN(s):CID=0x80930452;The SSH user succeeded in logging in. (ServiceType=snetconf, UserName=nms_admin, IPAddress=172.31.25.125, VPNInstanceName=_public_.)\\r\\n""}']"
"('GPN-0001-TLK-CR--M14-01', 'SNMP', 'SNMP_AUTHEN_FAILED')","['{""schema"":null,""payload"":""<187>Oct 21 2024 11:02:58 GPN-0001_TLK-CR_M14-01 %%01SNMP/3/SNMP_AUTHEN_FAILED(s):CID=0x80d50422;Failed to login through SNMP. (Version=v3, UserName=NMS_admin, Ip=172.31.25.10, VpnName=_public_, RequestID=4294967295, PduType=Unknown PDU type, Reason=Wrong Authentication Parameters for USM User)\\r\\n""}']"
"('GPN-0001-TLK-CR--M14-01', 'SNMP', 'SNMP_IPLOCK')","['{""schema"":null,""payload"":""<188>Oct 21 2024 11:02:58 GPN-0001_TLK-CR_M14-01 %%01SNMP/4/SNMP_IPLOCK(s):CID=0x80d50422;The source IP was locked because of the failure of login through SNMP.(SourceIP=172.31.25.10, VPN=_public_)""}']"
"('GPN-0329-PON-CLI--AR12-01', 'CPUP', 'CPU_USAGE_HIGH')","['{""schema"":null,""payload"":""<188>Oct 21 2024 11:00:07 GPN-0329_PON-CLI_AR12-01 %%01CPUP/4/CPU_USAGE_HIGH(l)[6]:The CPU is overloaded, and the tasks with top three CPU occupancy are CFM(44.1%), DspInit(15.8%), loop0(7.4%) . (CpuUsage=94%, Threshold=80%)""}']"
"('GPN-0329-PON-CLI--AR12-01', 'NTP', 'PEER_SELE')","['{""schema"":null,""payload"":""<188>Oct 21 2024 11:00:07 GPN-0329_PON-CLI_AR12-01 %%01NTP/4/PEER_SELE(l)[10]:The peer selected by the system is 172.31.25.1.""}']"
"('GPN-0329-PON-CLI--AR12-01', 'NTP', 'LEAP_CHANGE')","['{""schema"":null,""payload"":""<188>Oct 21 2024 11:00:07 GPN-0329_PON-CLI_AR12-01 %%01NTP/4/LEAP_CHANGE(l)[8]:System leap changes from 3 to 0 after clock update.""}']"
"('GPN-0329-PON-CLI--AR12-01', 'NTP', 'STRATUM_CHANGE')","['{""schema"":null,""payload"":""<188>Oct 21 2024 11:00:07 GPN-0329_PON-CLI_AR12-01 %%01NTP/4/STRATUM_CHANGE(l)[9]:System stratum changes from 16 to 2 after clock update.""}']"
"('GPN-0484-GEO-MUK-HOS-AR12-01', 'SECE', 'USER_ATTACK')","['{""schema"":null,""payload"":""<188>Oct 21 2024 11:01:12 GPN-0484_GEO-MUK-HOS_AR12-01 %%01SECE/4/USER_ATTACK(l)[489291]:User attack occurred.(Slot=MPU, SourceAttackInterface=GigabitEthernet0/0/0, OuterVlan/InnerVlan=3/0, UserMacAddress=9c37-f493-02f7, AttackPackets=16 packets per second)""}']"
"('GPN-0484-GEO-MUK-HOS-AR12-01', 'SECE', 'SPECIFY_SIP_ATTACK')","['{""schema"":null,""payload"":""<188>Oct 21 2024 11:01:13 GPN-0484_GEO-MUK-HOS_AR12-01 %%01SECE/4/SPECIFY_SIP_ATTACK(l)[489292]:The specified source IP address initiates an attack.(Slot=MPU, SourceAttackIP = 172.18.2.2, AttackPackets=16 packets per second)""}']"
"('GPN-0136-HEI-TRA--AR12-01', 'SNMP', 'SNMP_LOG_IP_UNLOCK')","['{""schema"":null,""payload"":""<189>Oct 21 2024 11:00:29 GPN-0136_HEI-TRA_AR12-01 %%01SNMP/5/SNMP_LOG_IP_UNLOCK(l)[3787]:The IP address of request message was unlocked because timeout. (SourceIPType=1, SourceIP=10.1.102.89)""}']"
"('GPN-0136-HEI-TRA--AR12-01', 'SNMP', 'SNMP_IP_LOCK')","['{""schema"":null,""payload"":""<189>Oct 21 2024 11:00:29 GPN-0136_HEI-TRA_AR12-01 %%01SNMP/5/SNMP_IP_LOCK(l)[3788]:The IP address of request message was locked because authentication failed. (SourceIPType=1, SourceIP=10.1.102.89)""}']"
"('GBN-0002-GST-CR--M14-02', 'SSH', 'SSH_USER_LOGIN_FAIL')","['{""schema"":null,""payload"":""<189>Oct 21 2024 11:02:25 GBN-0002_GST-CR_M14-02 %%01SSH/5/SSH_USER_LOGIN_FAIL(s):CID=0x80930446;The SSH user failed to login. (ServiceType=, FailedReason=The IP has been blocked and you cannot log on it, UserName=Could not extract user name, UserAddress=172.31.25.125, LocalAddress=172.31.0.104, VPNInstanceName=_public_)""}']"
"('GBN-0056-YUS-DAD-HOS-AR12-01', 'SECE', 'ARPMISS')","['{""schema"":null,""payload"":""<190>Oct 21 2024 11:00:19 GBN-0056_YUS-DAD-HOS_AR12-01 %%01SECE/6/ARPMISS(l)[44]:Attack occurred.(AttackType=Arp Miss Attack, SourceInterface=Vlanif1, SourceIP=10.151.36.116, AttackPackets=6 packets per second)""}']"
"('GPN-0226-PTA-DEN--AR12-01', 'DEFD', 'CPCAR_DROP_MPU')","['{""schema"":null,""payload"":""<188>Oct 21 2024 11:00:20 GPN-0226_PTA-DEN_AR12-01 %%01DEFD/4/CPCAR_DROP_MPU(l)[8243]:Some packets are dropped by cpcar on the MPU. (Packet-type=arp-request, Drop-Count=104)""}']"
"('GPN-0191-MAM-TTC--AR12-01', 'CM', 'USER_ACCESSRESULT')","['{""schema"":null,""payload"":""<189>Oct 21 2024 11:00:22 GPN-0191_MAM-TTC_AR12-01 %%01CM/5/USER_ACCESSRESULT(s)[5825]:[USER_INFO_AUTHENTICATION]DEVICEMAC:34-00-a3-50-9f-44;DEVICENAME:GPN-0191_MAM-TTC_AR12-01;USER:soc_admin;MAC:ff-ff-ff-ff-ff-ff;TIME:1729508422;ZONE:UTC+0200;DAYLIGHT:false;ERRCODE:255;RESULT:success;""}']"
"('GPN-0191-MAM-TTC--AR12-01', 'SHELL', 'CMDRECORD')","['{""schema"":null,""payload"":""<189>Oct 21 2024 11:00:32 GPN-0191_MAM-TTC_AR12-01 %%01SHELL/5/CMDRECORD(l)[5828]:Record command information. (Task=vt0, Ip=10.255.253.18, User=soc_admin, Command=\\""log off (ssh user)\\"", Result=Success) ""}']"
"('GPN-0041-CHA-MAX-HOS-AR12-01', 'INFO', 'SUPPRESS_LOG')","['{""schema"":null,""payload"":""<188>2024-10-21 11:00:23 GPN-0041_CHA-MAX-HOS_AR12-01 %%01INFO/4/SUPPRESS_LOG(l)[56845]:Last message repeated 3 times.(InfoID=3247640584, ModuleName=LLDP, InfoAlias=BAD_PACKET) ""}']"
"('GPN-0001-TLK-CR--M14-01', 'SNMP', 'SNMP_IPUNLOCK')","['{""schema"":null,""payload"":""<188>Oct 21 2024 11:03:31 GPN-0001_TLK-CR_M14-01 %%01SNMP/4/SNMP_IPUNLOCK(s):CID=0x80d50422;The source IP was unlocked.(SourceIP=172.31.25.10, VPN=_public_)""}']"
"('GPN-0006-WRD-DS--S97-01', 'SHELL', 'CMDRECORD')","['{""schema"":null,""payload"":""<189>Oct 21 2024 11:01:17 GPN-0006_WRD-DS_S97-01 %%01SHELL/5/CMDRECORD(l)[3401]:Record command information. (Task=VT1, Ip=172.31.25.125, User=Tshepo_P, Command=\\""tracert -vpn-instance GEP.VPN -a 172.18.200.3 172.18.200.1\\"", Result=Success)""}']"
"('GPN-0005-75FOX-DS--S97-01', 'INFO', 'SUPPRESS_LOG')","['{""schema"":null,""payload"":""<188>Oct 21 2024 11:00:27 GPN-0005_75FOX-DS_S97-01 %%01INFO/4/SUPPRESS_LOG(l)[107957]:Last message repeated 6 times.(InfoID=1082200067, ModuleName=SNMP, InfoAlias=SNMP_FAIL)""}']"
"('GBN-0107-HEL-JOS-HOS-AR22-01', 'SNMP', 'SNMP_LOG_IP_UNLOCK')","['{""schema"":null,""payload"":""<189>Oct 21 2024 11:02:24 GBN-0107_HEL-JOS-HOS_AR22-01 %%01SNMP/5/SNMP_LOG_IP_UNLOCK(l)[26915]:The IP address of request message was unlocked because timeout. (SourceIPType=1, SourceIP=10.34.211.157)""}']"
"('GBN-0107-HEL-JOS-HOS-AR22-01', 'SNMP', 'SNMP_IP_LOCK')","['{""schema"":null,""payload"":""<189>Oct 21 2024 11:02:24 GBN-0107_HEL-JOS-HOS_AR22-01 %%01SNMP/5/SNMP_IP_LOCK(l)[26916]:The IP address of request message was locked because authentication failed. (SourceIPType=1, SourceIP=10.34.211.157)""}']"
"('GBN-0068-OOB-MGMT--AR12-01', 'NTP', 'PEER_SELE')","['{""schema"":null,""payload"":""<188>Oct 21 2024 11:02:35 GBN-0068_OOB-MGMT_AR12-01 %%01NTP/4/PEER_SELE(l)[3930]:The peer selected by the system is 172.31.25.1.""}']"
"('GBN-0068-OOB-MGMT--AR12-01', 'NTP', 'LEAP_CHANGE')","['{""schema"":null,""payload"":""<188>Oct 21 2024 11:02:35 GBN-0068_OOB-MGMT_AR12-01 %%01NTP/4/LEAP_CHANGE(l)[3928]:System leap changes from 3 to 0 after clock update.""}']"
"('GBN-0068-OOB-MGMT--AR12-01', 'NTP', 'STRATUM_CHANGE')","['{""schema"":null,""payload"":""<188>Oct 21 2024 11:02:35 GBN-0068_OOB-MGMT_AR12-01 %%01NTP/4/STRATUM_CHANGE(l)[3929]:System stratum changes from 16 to 2 after clock update.""}']"
"('GBN-0143-KAL-HOS--AR12-01', 'SECE', 'ARPMISS')","['{""schema"":null,""payload"":""<190>Oct 21 2024 11:00:58 GBN-0143_KAL-HOS_AR12-01 %%01SECE/6/ARPMISS(l)[566]:Attack occurred.(AttackType=Arp Miss Attack, SourceInterface=Vlanif1, SourceIP=10.151.104.91, AttackPackets=6 packets per second)""}']"
"('GPN-0191-MAM-TTC--AR12-01', 'CM', 'USER_OFFLINERESULT')","['{""schema"":null,""payload"":""<189>Oct 21 2024 11:00:32 GPN-0191_MAM-TTC_AR12-01 %%01CM/5/USER_OFFLINERESULT(s)[5829]:[USER_INFO_OFFLINE]DEVICEMAC:34-00-a3-50-9f-44;DEVICENAME:GPN-0191_MAM-TTC_AR12-01;USER:soc_admin;MAC:ff-ff-ff-ff-ff-ff;TIME:1729508432;ZONE:UTC+0200;DAYLIGHT:false;ERRCODE:19;RESULT:User request to offline;""}']"
"('GPN-0191-MAM-TTC--AR12-01', 'CM', 'CM_USEROFFLINE')","['{""schema"":null,""payload"":""<189>Oct 21 2024 11:00:32 GPN-0191_MAM-TTC_AR12-01 %%01CM/5/CM_USEROFFLINE(s)[5830]:The user succeeded in going offline. (UserType=SSH, UserName=soc_admin, UserMac=, IP=10.255.253.18, VPNName=, AccessTime=2024/10/21 13:00:22, OfflineTime=2024/10/21 13:00:32, Reason=User request to offline)""}']"
"('GPN-0109-STR-CHC--AR12-01', 'IFPDT', 'IF_STATE')","['{""schema"":null,""payload"":""<188>Oct 21 2024 11:03:38 GPN-0109_STR-CHC_AR12-01 %%01IFPDT/4/IF_STATE(l)[1941]:Interface GigabitEthernet0/0/1 has turned into UP state.""}']"
"('GPN-0109-STR-CHC--AR12-01', 'IFNET', 'LINK_STATE')","['{""schema"":null,""payload"":""<188>Oct 21 2024 11:03:38 GPN-0109_STR-CHC_AR12-01 %%01IFNET/4/LINK_STATE(l)[1943]:The line protocol IP on the interface GigabitEthernet0/0/1.101 has entered the UP state. ""}']"
"('GPN-0672-ALI-GLO--AR12-01', 'CM', 'USER_ACCESSRESULT')","['{""schema"":null,""payload"":""<189>Oct 21 2024 11:00:39 GPN-0672_ALI-GLO_AR12-01 %%01CM/5/USER_ACCESSRESULT(s)[1380]:[USER_INFO_AUTHENTICATION]DEVICEMAC:84-ad-58-95-d6-3e;DEVICENAME:GPN-0672_ALI-GLO_AR12-01;USER:soc_admin;MAC:ff-ff-ff-ff-ff-ff;TIME:1729508439;ZONE:UTC+0200;DAYLIGHT:false;ERRCODE:0;RESULT:success;""}']"
"('GPN-0672-ALI-GLO--AR12-01', 'SHELL', 'CMDRECORD')","['{""schema"":null,""payload"":""<189>Oct 21 2024 11:00:41 GPN-0672_ALI-GLO_AR12-01 %%01SHELL/5/CMDRECORD(l)[1383]:Record command information. (Task=vt0, Ip=10.255.253.18, User=soc_admin, Command=\\""log off (ssh user)\\"", Result=Success) ""}']"
"('GPN-0672-ALI-GLO--AR12-01', 'CM', 'USER_OFFLINERESULT')","['{""schema"":null,""payload"":""<189>Oct 21 2024 11:00:41 GPN-0672_ALI-GLO_AR12-01 %%01CM/5/USER_OFFLINERESULT(s)[1384]:[USER_INFO_OFFLINE]DEVICEMAC:84-ad-58-95-d6-3e;DEVICENAME:GPN-0672_ALI-GLO_AR12-01;USER:soc_admin;MAC:ff-ff-ff-ff-ff-ff;TIME:1729508441;ZONE:UTC+0200;DAYLIGHT:false;ERRCODE:19;RESULT:User request to offline;""}']"
"('GPN-0672-ALI-GLO--AR12-01', 'CM', 'CM_USEROFFLINE')","['{""schema"":null,""payload"":""<189>Oct 21 2024 11:00:41 GPN-0672_ALI-GLO_AR12-01 %%01CM/5/CM_USEROFFLINE(s)[1385]:The user succeeded in going offline. (UserType=SSH, UserName=soc_admin, UserMac=, IP=10.255.253.18, VPNName=, AccessTime=2024/10/21 13:00:38, OfflineTime=2024/10/21 13:00:41, Reason=User request to offline)""}']"
"('GPN-0192-LEM-TTC--AR12-01', 'CM', 'USER_ACCESSRESULT')","['{""schema"":null,""payload"":""<189>Oct 21 2024 11:00:43 GPN-0192_LEM-TTC_AR12-01 %%01CM/5/USER_ACCESSRESULT(s)[12103]:[USER_INFO_AUTHENTICATION]DEVICEMAC:64-3e-8c-b1-1c-de;DEVICENAME:GPN-0192_LEM-TTC_AR12-01;USER:soc_admin;MAC:ff-ff-ff-ff-ff-ff;TIME:1729508443;ZONE:UTC+0200;DAYLIGHT:false;ERRCODE:0;RESULT:success;""}']"
"('GPN-0192-LEM-TTC--AR12-01', 'SHELL', 'CMDRECORD')","['{""schema"":null,""payload"":""<189>Oct 21 2024 11:00:45 GPN-0192_LEM-TTC_AR12-01 %%01SHELL/5/CMDRECORD(l)[12108]:Record command information. (Task=vt0, Ip=10.255.253.18, User=soc_admin, Command=\\""log off (ssh user)\\"", Result=Success) ""}']"
"('GPN-4037-NEW-KEK-CLI-AR6121-01', 'DHCP', 'WAITOFFER_TIMEOUT')","['{""schema"":null,""payload"":""<189>Oct 21 2024 11:04:04 GPN-4037_NEW-KEK-CLI_AR6121-01 %%01DHCP/5/WAITOFFER_TIMEOUT(l)[4279]:The DHCP server did not respond within the specified period. (Client InterfaceName=GigabitEthernet0/0/11, Current state=Init, MAC address=b414-e6c9-9ac7, Expected address=0.0.0.0)""}']"
"('GPN-0192-LEM-TTC--AR12-01', 'CM', 'USER_OFFLINERESULT')","['{""schema"":null,""payload"":""<189>Oct 21 2024 11:00:45 GPN-0192_LEM-TTC_AR12-01 %%01CM/5/USER_OFFLINERESULT(s)[12106]:[USER_INFO_OFFLINE]DEVICEMAC:64-3e-8c-b1-1c-de;DEVICENAME:GPN-0192_LEM-TTC_AR12-01;USER:soc_admin;MAC:ff-ff-ff-ff-ff-ff;TIME:1729508445;ZONE:UTC+0200;DAYLIGHT:false;ERRCODE:19;RESULT:User request to offline;""}']"
"('GPN-0192-LEM-TTC--AR12-01', 'CM', 'CM_USEROFFLINE')","['{""schema"":null,""payload"":""<189>Oct 21 2024 11:00:45 GPN-0192_LEM-TTC_AR12-01 %%01CM/5/CM_USEROFFLINE(s)[12107]:The user succeeded in going offline. (UserType=SSH, UserName=soc_admin, UserMac=, IP=10.255.253.18, VPNName=, AccessTime=2024/10/21 13:00:43, OfflineTime=2024/10/21 13:00:45, Reason=User request to offline)""}']"
"('GPN-0043-RAH-MOO--AR12-01', 'MSTP', 'RECEIVE_MSTITC')","['{""schema"":null,""payload"":""<190>Oct 21 2024 11:00:53 GPN-0043_RAH-MOO_AR12-01 %%01MSTP/6/RECEIVE_MSTITC(l)[19080]:MSTP received BPDU with TC, MSTP process 0 instance 0, port name is Ethernet0/0/0. ""}']"
"('GPN-0170-DUN-LAU--AR12-01', 'SNMP', 'SNMP_LOG_IP_UNLOCK')","['{""schema"":null,""payload"":""<189>Oct 21 2024 11:00:53 GPN-0170_DUN-LAU_AR12-01 %%01SNMP/5/SNMP_LOG_IP_UNLOCK(l)[557]:The IP address of request message was unlocked because timeout. (SourceIPType=1, SourceIP=10.215.205.71)""}']"
"('GPN-0170-DUN-LAU--AR12-01', 'SNMP', 'SNMP_IP_LOCK')","['{""schema"":null,""payload"":""<189>Oct 21 2024 11:00:53 GPN-0170_DUN-LAU_AR12-01 %%01SNMP/5/SNMP_IP_LOCK(l)[558]:The IP address of request message was locked because authentication failed. (SourceIPType=1, SourceIP=10.215.205.71)""}']"
"('GBN-0107-HEL-JOS-HOS-AR22-01', 'DEFD', 'CPCAR_DROP_MPU')","['{""schema"":null,""payload"":""<188>Oct 21 2024 11:00:55 GBN-0107_HEL-JOS-HOS_AR22-01 %%01DEFD/4/CPCAR_DROP_MPU(l)[26908]:Some packets are dropped by cpcar on the MPU. (Packet-type=unknown-multicast, Drop-Count=229494)""}']"
"('GPN-0039-BER-GXO--AR12-01', 'CPUP', 'CPU_USAGE_HIGH')","['{""schema"":null,""payload"":""<188>Oct 21 2024 11:00:55 GPN-0039_BER-GXO_AR12-01 %%01CPUP/4/CPU_USAGE_HIGH(l)[5945]:The data plane CPU is overloaded. (CpuUsage=99%, Threshold=95%)""}']"
"('GPN-0282-IMB-CLI--AR12-01', 'SECE', 'ARPMISS')","['{""schema"":null,""payload"":""<190>Oct 21 2024 11:01:03 GPN-0282_IMB-CLI_AR12-01 %%01SECE/6/ARPMISS(l)[29]:Attack occurred.(AttackType=Arp Miss Attack, SourceInterface=GigabitEthernet0/0/1, SourceIP=10.2.143.2, AttackPackets=6 packets per second)""}']"
"('GBN-0003-TRC-CR--X8-02', 'SSH', 'SSH_USER_LOGIN_FAIL_SCHD')","['{""schema"":null,""payload"":""<189>Oct 21 2024 11:03:24 GBN-0003_TRC-CR_X8-02 %%01SSH/5/SSH_USER_LOGIN_FAIL_SCHD(l):CID=0x80930452;Failed to login through SSH 8 time(s) in last 1 minute(s).\\r\\n""}']"
"('GBN-0003-TRC-CR--X8-02', 'OSPF', 'OSPF_ABNORMAL_LSA_UPDATE')","['{""schema"":null,""payload"":""<189>Oct 21 2024 11:01:07 GBN-0003_TRC-CR_X8-02 %%01OSPF/5/OSPF_ABNORMAL_LSA_UPDATE(l):CID=0x808305a0;LSAs change frequently now. (ProcessId=1, AdvertiseRouterId=172.31.0.5, TotalCount=259, BeginTime=2024-10-21 12:01:07, EndTime=2024-10-21 13:01:07, RouterLsaCount=10, NetworkLsaCount=0, S-NetLsaCount=0, S-ASBRLsaCount=0, ASELsaCount=249, Type-7LsaCount=0, Opq-9LsaCount=0, Opq-10LsaCount=0)\\r\\n""}']"
"('GPN-0349-EKA-CLI--AR12-01', 'INFO', 'SUPPRESS_LOG')","['{""schema"":null,""payload"":""<188>Oct 21 2024 11:01:12 GPN-0349_EKA-CLI_AR12-01 %%01INFO/4/SUPPRESS_LOG(l)[51]:Last message repeated 3 times.(InfoID=3247640584, ModuleName=LLDP, InfoAlias=BAD_PACKET) ""}']"
"('GPN-0039-BER-GXO--AR12-01', 'CPUP', 'CPU_USAGE_RESUME')","['{""schema"":null,""payload"":""<188>Oct 21 2024 11:01:15 GPN-0039_BER-GXO_AR12-01 %%01CPUP/4/CPU_USAGE_RESUME(l)[5946]:The data plane CPU is resumed. (CpuUsage=67%, Threshold=70%)""}']"
"('GBN-0002-GST-CR--M14-02', 'SSH', 'SSH_USER_LOGIN_FAIL_SCHD')","['{""schema"":null,""payload"":""<189>Oct 21 2024 11:03:24 GBN-0002_GST-CR_M14-02 %%01SSH/5/SSH_USER_LOGIN_FAIL_SCHD(l):CID=0x80930446;Failed to login through SSH 8 time(s) in last 1 minute(s).""}']"
"('GPN-0716-GAU-GAM-BOA-AR12-01', 'INFO', 'SUPPRESS_LOG')","['{""schema"":null,""payload"":""<188>Oct 21 2024 11:01:25 GPN-0716_GAU-GAM-BOA_AR12-01 %%01INFO/4/SUPPRESS_LOG(l)[34062]:Last message repeated 1 times.(InfoID=3497857038, ModuleName=NTP, InfoAlias=PACKET_LENGTH_WRONG) ""}']"
"('GPN-0716-GAU-GAM-BOA-AR12-01', 'IFNET', 'LINK_STATE')","['{""schema"":null,""payload"":""<188>Oct 21 2024 11:01:25 GPN-0716_GAU-GAM-BOA_AR12-01 %%01IFNET/4/LINK_STATE(l)[34064]:The line protocol IP on the interface GigabitEthernet0/0/1 has entered the DOWN state. ""}']"
"('GPN-0002-GST-DS--S97-01', 'FTPS', 'REQUEST')","['{""schema"":null,""payload"":""<189>Oct 21 2024 11:01:28 GPN-0002_GST-DS_S97-01 %%01FTPS/5/REQUEST(l)[4461]:The user had a request. (UserName=\\""\\"", IpAddress=172.31.252.129, VpnInstanceName=\\""\\"", Request=QUIT\\r\\n)""}']"
"('GPN-0716-GAU-GAM-BOA-AR12-01', 'IFPDT', 'IF_STATE')","['{""schema"":null,""payload"":""<188>Oct 21 2024 11:01:29 GPN-0716_GAU-GAM-BOA_AR12-01 %%01IFPDT/4/IF_STATE(l)[34065]:Interface GigabitEthernet0/0/1 has turned into UP state.""}']"
"('GPN-0499-SAN-HIG-SCH-AR22-01', 'CM', 'USER_ACCESSRESULT')","['{""schema"":null,""payload"":""<189>Oct 21 2024 11:01:29 GPN-0499_SAN-HIG-SCH_AR22-01 %%01CM/5/USER_ACCESSRESULT(s)[3291]:[USER_INFO_AUTHENTICATION]DEVICEMAC:bc-62-0e-3a-0a-e1;DEVICENAME:GPN-0499_SAN-HIG-SCH_AR22-01;USER:soc_admin;MAC:ff-ff-ff-ff-ff-ff;TIME:1729508489;ZONE:UTC-0000;DAYLIGHT:false;ERRCODE:0;RESULT:success;""}']"
"('GPN-0499-SAN-HIG-SCH-AR22-01', 'SHELL', 'CMDRECORD')","['{""schema"":null,""payload"":""<189>Oct 21 2024 11:01:31 GPN-0499_SAN-HIG-SCH_AR22-01 %%01SHELL/5/CMDRECORD(l)[3294]:Record command information. (Task=vt0, Ip=10.255.253.18, User=soc_admin, Command=\\""log off (ssh user)\\"", Result=Success) ""}']"
"('GPN-0499-SAN-HIG-SCH-AR22-01', 'CM', 'USER_OFFLINERESULT')","['{""schema"":null,""payload"":""<189>Oct 21 2024 11:01:31 GPN-0499_SAN-HIG-SCH_AR22-01 %%01CM/5/USER_OFFLINERESULT(s)[3295]:[USER_INFO_OFFLINE]DEVICEMAC:bc-62-0e-3a-0a-e1;DEVICENAME:GPN-0499_SAN-HIG-SCH_AR22-01;USER:soc_admin;MAC:ff-ff-ff-ff-ff-ff;TIME:1729508491;ZONE:UTC-0000;DAYLIGHT:false;ERRCODE:19;RESULT:User request to offline;""}']"
"('GPN-0499-SAN-HIG-SCH-AR22-01', 'CM', 'CM_USEROFFLINE')","['{""schema"":null,""payload"":""<189>Oct 21 2024 11:01:31 GPN-0499_SAN-HIG-SCH_AR22-01 %%01CM/5/CM_USEROFFLINE(s)[3296]:The user succeeded in going offline. (UserType=SSH, UserName=soc_admin, UserMac=, IP=10.255.253.18, VPNName=, AccessTime=2024/10/21 11:01:29, OfflineTime=2024/10/21 11:01:31, Reason=User request to offline)""}']"
"('GBN-0068-OOB-MGMT--AR12-01', 'NTP', 'SOURCE_LOST')","['{""schema"":null,""payload"":""<188>Oct 21 2024 11:01:31 GBN-0068_OOB-MGMT_AR12-01 %%01NTP/4/SOURCE_LOST(l)[3926]:System synchronization source lost.""}']"
"('GPN-0189-STA-MOD-PRE-AR12-01', 'CM', 'USER_ACCESSRESULT')","['{""schema"":null,""payload"":""<189>Oct 21 2024 11:01:33 GPN-0189_STA-MOD-PRE_AR12-01 %%01CM/5/USER_ACCESSRESULT(s)[3216]:[USER_INFO_AUTHENTICATION]DEVICEMAC:64-3e-8c-b1-1c-ea;DEVICENAME:GPN-0189_STA-MOD-PRE_AR12-01;USER:soc_admin;MAC:ff-ff-ff-ff-ff-ff;TIME:1729508493;ZONE:UTC+0200;DAYLIGHT:false;ERRCODE:255;RESULT:success;""}']"
"('GPN-0189-STA-MOD-PRE-AR12-01', 'SHELL', 'CMDRECORD')","['{""schema"":null,""payload"":""<189>Oct 21 2024 11:01:36 GPN-0189_STA-MOD-PRE_AR12-01 %%01SHELL/5/CMDRECORD(l)[3219]:Record command information. (Task=vt0, Ip=10.255.253.18, User=soc_admin, Command=\\""log off (ssh user)\\"", Result=Success) ""}']"
"('GPN-4037-NEW-KEK-CLI-AR6121-01', 'DEFD', 'CPCAR_DROP_MPU')","['{""schema"":null,""payload"":""<188>Oct 21 2024 11:04:54 GPN-4037_NEW-KEK-CLI_AR6121-01 %%01DEFD/4/CPCAR_DROP_MPU(l)[4286]:Some packets are dropped by cpcar on the MPU. (Packet-type=unknown-multicast, Drop-Count=182429850)""}']"
"('GPN-0189-STA-MOD-PRE-AR12-01', 'CM', 'USER_OFFLINERESULT')","['{""schema"":null,""payload"":""<189>Oct 21 2024 11:01:36 GPN-0189_STA-MOD-PRE_AR12-01 %%01CM/5/USER_OFFLINERESULT(s)[3220]:[USER_INFO_OFFLINE]DEVICEMAC:64-3e-8c-b1-1c-ea;DEVICENAME:GPN-0189_STA-MOD-PRE_AR12-01;USER:soc_admin;MAC:ff-ff-ff-ff-ff-ff;TIME:1729508496;ZONE:UTC+0200;DAYLIGHT:false;ERRCODE:19;RESULT:User request to offline;""}']"
"('GPN-0189-STA-MOD-PRE-AR12-01', 'CM', 'CM_USEROFFLINE')","['{""schema"":null,""payload"":""<189>Oct 21 2024 11:01:36 GPN-0189_STA-MOD-PRE_AR12-01 %%01CM/5/CM_USEROFFLINE(s)[3221]:The user succeeded in going offline. (UserType=SSH, UserName=soc_admin, UserMac=, IP=10.255.253.18, VPNName=, AccessTime=2024/10/21 13:01:33, OfflineTime=2024/10/21 13:01:36, Reason=User request to offline)""}']"
"('GPN-0348-KAN-CLI--AR12-01', 'INFO', 'SUPPRESS_LOG')","['{""schema"":null,""payload"":""<188>Oct 21 2024 11:01:38 GPN-0348_KAN-CLI_AR12-01 %%01INFO/4/SUPPRESS_LOG(l)[7156]:Last message repeated 11 times.(InfoID=3247640584, ModuleName=LLDP, InfoAlias=BAD_PACKET) ""}']"
"('GPN-0006-WRD-DS--S97-01', 'SHELL', 'LOGIN')","['{""schema"":null,""payload"":""<189>Oct 21 2024 11:01:40 GPN-0006_WRD-DS_S97-01 %%01SHELL/5/LOGIN(l)[3402]:The user succeeded in logging in to VTY2. (UserType=SSH, UserName=Joe_nk, Ip=172.31.25.125, VpnName=)""}']"
"('GPN-0004-CHB-CR--M14-01', 'SSH', 'SSH_USER_LOGIN_FAIL')","['{""schema"":null,""payload"":""<189>Oct 21 2024 11:01:44 GPN-0004_CHB-CR_M14-01 %%01SSH/5/SSH_USER_LOGIN_FAIL(s):CID=0x80930446;The SSH user failed to login. (ServiceType=**, FailedReason=TCP disconnect from client, UserName=Could not extract user name, UserAddress=172.31.252.129, LocalAddress=172.31.0.5, VPNInstanceName=_public_)""}']"
"('GPN-0270-SOK-CLI--AR12-01', 'INFO', 'SUPPRESS_LOG')","['{""schema"":null,""payload"":""<188>Oct 21 2024 11:01:45 GPN-0270_SOK-CLI_AR12-01 %%01INFO/4/SUPPRESS_LOG(l)[18]:Last message repeated 3 times.(InfoID=3247640584, ModuleName=LLDP, InfoAlias=BAD_PACKET) ""}']"
"('GPN-0659-ACT-TRA-CEN-AR22-01', 'NTP', 'SOURCE_LOST')","['{""schema"":null,""payload"":""<188>Oct 21 2024 11:01:45 GPN-0659_ACT-TRA-CEN_AR22-01 %%01NTP/4/SOURCE_LOST(l)[25]:System synchronization source lost.""}']"
"('GPN-0231-BOI-EDU--AR12-01', 'CM', 'USER_ACCESSRESULT')","['{""schema"":null,""payload"":""<189>Oct 21 2024 11:01:45 GPN-0231_BOI-EDU_AR12-01 %%01CM/5/USER_ACCESSRESULT(s)[229360]:[USER_INFO_AUTHENTICATION]DEVICEMAC:24-9e-ab-a6-4d-46;DEVICENAME:GPN-0231_BOI-EDU_AR12-01;USER:soc_admin;MAC:ff-ff-ff-ff-ff-ff;TIME:1729508505;ZONE:UTC+0200;DAYLIGHT:false;ERRCODE:255;RESULT:success;""}']"
"('GPN-0659-ACT-TRA-CEN-AR22-01', 'NTP', 'PEER_SELE')","['{""schema"":null,""payload"":""<188>Oct 21 2024 11:01:45 GPN-0659_ACT-TRA-CEN_AR22-01 %%01NTP/4/PEER_SELE(l)[29]:The peer selected by the system is 172.31.25.1.""}']"
"('GPN-0659-ACT-TRA-CEN-AR22-01', 'NTP', 'LEAP_CHANGE')","['{""schema"":null,""payload"":""<188>Oct 21 2024 11:01:45 GPN-0659_ACT-TRA-CEN_AR22-01 %%01NTP/4/LEAP_CHANGE(l)[27]:System leap changes from 3 to 0 after clock update.""}']"
"('GPN-0659-ACT-TRA-CEN-AR22-01', 'NTP', 'STRATUM_CHANGE')","['{""schema"":null,""payload"":""<188>Oct 21 2024 11:01:45 GPN-0659_ACT-TRA-CEN_AR22-01 %%01NTP/4/STRATUM_CHANGE(l)[28]:System stratum changes from 16 to 2 after clock update.""}']"
"('GPN-0004-CHB-CR--M14-02', 'SSH', 'SSH_USER_LOGIN_FAIL')","['{""schema"":null,""payload"":""<189>Oct 21 2024 11:01:47 GPN-0004_CHB-CR_M14-02 %%01SSH/5/SSH_USER_LOGIN_FAIL(s):CID=0x80930446;The SSH user failed to login. (ServiceType=**, FailedReason=TCP disconnect from client, UserName=Could not extract user name, UserAddress=172.31.252.129, LocalAddress=172.31.0.105, VPNInstanceName=_public_)""}']"
"('GBN-0023-BRA-SAF--AR22-01', 'SECE', 'ARPMISS')","['{""schema"":null,""payload"":""<190>Oct 21 2024 11:01:50 GBN-0023_BRA-SAF_AR22-01 %%01SECE/6/ARPMISS(l)[2038]:Attack occurred.(AttackType=Arp Miss Attack, SourceInterface=GigabitEthernet0/0/1, SourceIP=10.1.102.89, AttackPackets=6 packets per second)""}']"
"('GPN-0006-WRD-DS--S97-01', 'SHELL', 'DISPLAY_CMDRECORD')","['{""schema"":null,""payload"":""<190>Oct 21 2024 11:02:28 GPN-0006_WRD-DS_S97-01 %%01SHELL/6/DISPLAY_CMDRECORD(l)[3404]:Record display command information. (Task=VT2, Ip=172.31.25.125, User=Joe_nk, Command=\\""display current-configuration | include 172.18.200.1\\"")""}']"
"('GPN-0004-CHB-CR--M14-01', 'DRIVER', 'CARDOPTICALINFO')","['{""schema"":null,""payload"":""<188>Oct 21 2024 11:01:52 GPN-0004_CHB-CR_M14-01 %%01DRIVER/4/CARDOPTICALINFO(l):CID=0x80fc040a;LAXFE 0/5/0 was Down, and the optical power information was:Rx Power:  -2.31dBm, Tx Power:  -3.29dBm.""}']"
"('GPN-0231-BOI-EDU--AR12-01', 'CM', 'USER_OFFLINERESULT')","['{""schema"":null,""payload"":""<189>Oct 21 2024 11:01:56 GPN-0231_BOI-EDU_AR12-01 %%01CM/5/USER_OFFLINERESULT(s)[229364]:[USER_INFO_OFFLINE]DEVICEMAC:24-9e-ab-a6-4d-46;DEVICENAME:GPN-0231_BOI-EDU_AR12-01;USER:soc_admin;MAC:ff-ff-ff-ff-ff-ff;TIME:1729508516;ZONE:UTC+0200;DAYLIGHT:false;ERRCODE:19;RESULT:User request to offline;""}']"
"('GPN-0231-BOI-EDU--AR12-01', 'CM', 'CM_USEROFFLINE')","['{""schema"":null,""payload"":""<189>Oct 21 2024 11:01:56 GPN-0231_BOI-EDU_AR12-01 %%01CM/5/CM_USEROFFLINE(s)[229365]:The user succeeded in going offline. (UserType=SSH, UserName=soc_admin, UserMac=, IP=10.255.253.18, VPNName=, AccessTime=2024/10/21 13:01:45, OfflineTime=2024/10/21 13:01:56, Reason=User request to offline)""}']"
"('GPN-0861-GDE-HEA-OFF-AR12-01', 'CM', 'USER_ACCESSRESULT')","['{""schema"":null,""payload"":""<189>Oct 21 2024 11:01:59 GPN-0861_GDE-HEA-OFF_AR12-01 %%01CM/5/USER_ACCESSRESULT(s)[7134]:[USER_INFO_AUTHENTICATION]DEVICEMAC:70-79-90-14-39-f2;DEVICENAME:GPN-0861_GDE-HEA-OFF_AR12-01;USER:soc_admin;MAC:ff-ff-ff-ff-ff-ff;TIME:1729508519;ZONE:UTC-0000;DAYLIGHT:false;ERRCODE:0;RESULT:success;""}']"
"('GPN-0861-GDE-HEA-OFF-AR12-01', 'SHELL', 'CMDRECORD')","['{""schema"":null,""payload"":""<189>Oct 21 2024 11:02:09 GPN-0861_GDE-HEA-OFF_AR12-01 %%01SHELL/5/CMDRECORD(l)[7137]:Record command information. (Task=vt0, Ip=10.255.253.18, User=soc_admin, Command=\\""log off (ssh user)\\"", Result=Success) ""}']"
"('GPN-0229-KOE-SAF--AR12-01', 'DEFD', 'CPCAR_DROP_MPU')","['{""schema"":null,""payload"":""<188>Oct 21 2024 11:02:05 GPN-0229_KOE-SAF_AR12-01 %%01DEFD/4/CPCAR_DROP_MPU(l)[4120]:Some packets are dropped by cpcar on the MPU. (Packet-type=arp-request, Drop-Count=10)""}']"
"('GPN-0861-GDE-HEA-OFF-AR12-01', 'CM', 'USER_OFFLINERESULT')","['{""schema"":null,""payload"":""<189>Oct 21 2024 11:02:09 GPN-0861_GDE-HEA-OFF_AR12-01 %%01CM/5/USER_OFFLINERESULT(s)[7138]:[USER_INFO_OFFLINE]DEVICEMAC:70-79-90-14-39-f2;DEVICENAME:GPN-0861_GDE-HEA-OFF_AR12-01;USER:soc_admin;MAC:ff-ff-ff-ff-ff-ff;TIME:1729508529;ZONE:UTC-0000;DAYLIGHT:false;ERRCODE:19;RESULT:User request to offline;""}']"
"('GPN-0861-GDE-HEA-OFF-AR12-01', 'CM', 'CM_USEROFFLINE')","['{""schema"":null,""payload"":""<189>Oct 21 2024 11:02:09 GPN-0861_GDE-HEA-OFF_AR12-01 %%01CM/5/CM_USEROFFLINE(s)[7139]:The user succeeded in going offline. (UserType=SSH, UserName=soc_admin, UserMac=, IP=10.255.253.18, VPNName=, AccessTime=2024/10/21 11:01:58, OfflineTime=2024/10/21 11:02:09, Reason=User request to offline)""}']"
"('GPN-3404-THU-THE-TDC-AR22-01', 'CM', 'USER_ACCESSRESULT')","['{""schema"":null,""payload"":""<189>Oct 21 2024 11:02:11 GPN-3404_THU-THE-TDC_AR22-01 %%01CM/5/USER_ACCESSRESULT(s)[278]:[USER_INFO_AUTHENTICATION]DEVICEMAC:48-57-02-e3-f8-41;DEVICENAME:GPN-3404_THU-THE-TDC_AR22-01;USER:soc_admin;MAC:ff-ff-ff-ff-ff-ff;IPADDRESS:10.255.253.18;TIME:1729508531;ZONE:UTC-0000;DAYLIGHT:false;ERRCODE:0;RESULT:success;CIB ID:39;ACCESS TYPE:SSH;""}']"
"('GPN-3404-THU-THE-TDC-AR22-01', 'SHELL', 'CMDRECORD')","['{""schema"":null,""payload"":""<189>Oct 21 2024 11:02:12 GPN-3404_THU-THE-TDC_AR22-01 %%01SHELL/5/CMDRECORD(l)[281]:Record command information. (Task=vt1, Ip=10.255.253.18, User=soc_admin, Command=\\""log off (ssh user)\\"", Result=Success) ""}']"
"('GPN-3404-THU-THE-TDC-AR22-01', 'CM', 'USER_OFFLINERESULT')","['{""schema"":null,""payload"":""<189>Oct 21 2024 11:02:12 GPN-3404_THU-THE-TDC_AR22-01 %%01CM/5/USER_OFFLINERESULT(s)[282]:[USER_INFO_OFFLINE]DEVICEMAC:48-57-02-e3-f8-41;DEVICENAME:GPN-3404_THU-THE-TDC_AR22-01;USER:soc_admin;MAC:ff-ff-ff-ff-ff-ff;IPADDRESS:10.255.253.18;TIME:1729508532;ZONE:UTC-0000;DAYLIGHT:false;ERRCODE:19;RESULT:User request to offline;EXTENDINFO:NULL;CIB ID:39;ACCESS TYPE:SSH;""}']"
"('GPN-0492-WIN-ENT-HUB-AR12-01', 'INFO', 'SUPPRESS_LOG')","['{""schema"":null,""payload"":""<188>Oct 21 2024 11:02:15 GPN-0492_WIN-ENT-HUB_AR12-01 %%01INFO/4/SUPPRESS_LOG(l)[35]:Last message repeated 39 times.(InfoID=3227586564, ModuleName=FTPS, InfoAlias=REQUEST) ""}']"
"('GBN-0001-TLK-CR--M14-02', 'SSH', 'SSHS_IP_BLOCK_CLIENT')","['{""schema"":null,""payload"":""<188>Oct 21 2024 10:32:50 GBN-0001_TLK-CR_M14-02 %%01SSH/4/SSHS_IP_BLOCK_CLIENT(s):CID=0x80930446;SSH client IP blocked due to authentication failure in last 1 hour. (IpAddress=172.31.26.25, VpnName=_public_, BlockCount=1)""}']"
"('GBN-0003-TRC-CR--X8-02', 'SSH', 'SSHS_IP_BLOCK_CLIENT')","['{""schema"":null,""payload"":""<188>Oct 21 2024 11:02:19 GBN-0003_TRC-CR_X8-02 %%01SSH/4/SSHS_IP_BLOCK_CLIENT(s):CID=0x80930452;SSH client IP blocked due to authentication failure in last 1 hour. (IpAddress=172.31.25.10, VpnName=_public_, BlockCount=3).\\r\\n""}']"
"('GPN-0063-KOP-HOS--AR12-01', 'SNMP', 'SNMP_IP_LOCK')","['{""schema"":null,""payload"":""<189>Oct 21 2024 11:03:32 GPN-0063_KOP-HOS_AR12-01 %%01SNMP/5/SNMP_IP_LOCK(l)[2682]:The IP address of request message was locked because authentication failed. (SourceIPType=1, SourceIP=10.190.2.134)""}']"
"('GPN-0295-TEM-TRA-LIC-AR12-01', 'SECE', 'ARPMISS')","['{""schema"":null,""payload"":""<190>Oct 21 2024 11:02:22 GPN-0295_TEM-TRA-LIC_AR12-01 %%01SECE/6/ARPMISS(l)[180]:Attack occurred.(AttackType=Arp Miss Attack, SourceInterface=GigabitEthernet0/0/1, SourceIP=10.1.102.89, AttackPackets=6 packets per second)""}']"
"('GBN-0006-WRD-CR--M14-02', 'SSH', 'SSHS_IP_BLOCK_CLIENT')","['{""schema"":null,""payload"":""<188>Oct 21 2024 11:02:22 GBN-0006_WRD-CR_M14-02 %%01SSH/4/SSHS_IP_BLOCK_CLIENT(s):CID=0x80930446;SSH client IP blocked due to authentication failure in last 1 hour. (IpAddress=172.31.26.25, VpnName=_public_, BlockCount=1)""}']"
"('GPN-0001-TLK-CR--M14-01', 'SSH', 'SSH_USER_LOGIN')","['{""schema"":null,""payload"":""<189>Oct 21 2024 11:02:23 GPN-0001_TLK-CR_M14-01 %%01SSH/5/SSH_USER_LOGIN(s):CID=0x80930446;The SSH user succeeded in logging in. (ServiceType=snetconf, UserName=nms_admin, UserAddress=172.31.25.125, LocalAddress=172.31.0.3, VPNInstanceName=_public_)""}']"
"('GPN-0004-CHB-CR--M14-02', 'SSH', 'SSH_USER_LOGIN')","['{""schema"":null,""payload"":""<189>Oct 21 2024 11:02:23 GPN-0004_CHB-CR_M14-02 %%01SSH/5/SSH_USER_LOGIN(s):CID=0x80930446;The SSH user succeeded in logging in. (ServiceType=snetconf, UserName=nms_admin, UserAddress=172.31.25.125, LocalAddress=172.31.0.105, VPNInstanceName=_public_)""}']"
"('GBN-0007-SED-CR--M14-02', 'SSH', 'SSH_USER_LOGIN')","['{""schema"":null,""payload"":""<189>Oct 21 2024 11:02:23 GBN-0007_SED-CR_M14-02 %%01SSH/5/SSH_USER_LOGIN(s):CID=0x80930488;The SSH user succeeded in logging in. (ServiceType=snetconf, UserName=nms_admin, UserAddress=172.31.25.125, LocalAddress=172.31.0.106, VPNInstanceName=_public_)""}']"
"('GBN-0006-WRD-CR--M14-01', 'SSH', 'SSH_USER_LOGIN_FAIL')","['{""schema"":null,""payload"":""<189>Oct 21 2024 11:02:26 GBN-0006_WRD-CR_M14-01 %%01SSH/5/SSH_USER_LOGIN_FAIL(s):CID=0x80930446;The SSH user failed to login. (ServiceType=**, FailedReason=TCP disconnect from client, UserName=nms_admin, UserAddress=172.31.25.125, LocalAddress=172.31.0.7, VPNInstanceName=_public_)""}']"
"('GBN-0001-TLK-CR--M14-02', 'SSH', 'SSH_USER_LOGIN_FAIL')","['{""schema"":null,""payload"":""<189>Oct 21 2024 10:32:59 GBN-0001_TLK-CR_M14-02 %%01SSH/5/SSH_USER_LOGIN_FAIL(s):CID=0x80930446;The SSH user failed to login. (ServiceType=, FailedReason=The IP has been blocked and you cannot log on it, UserName=Could not extract user name, UserAddress=172.31.25.125, LocalAddress=172.31.0.103, VPNInstanceName=_public_)""}']"
"('GBN-0001-TLK-CR--M14-02', 'SSH', 'IP_LOCKED')","['{""schema"":null,""payload"":""<188>Oct 21 2024 10:32:59 GBN-0001_TLK-CR_M14-02 %%01SSH/4/IP_LOCKED(s):CID=0x80930446;IP was locked. (IpAddress=172.31.25.125, VpnName=_public_, Period=5 minutes)""}']"
"('GBN-0002-GST-CR--M14-02', 'SSH', 'IP_LOCKED')","['{""schema"":null,""payload"":""<188>Oct 21 2024 11:02:25 GBN-0002_GST-CR_M14-02 %%01SSH/4/IP_LOCKED(s):CID=0x80930446;IP was locked. (IpAddress=172.31.25.125, VpnName=_public_, Period=5 minutes)""}']"
"('GPN-0008-SBA-CR--M14-01', 'SSH', 'SSH_USER_LOGIN')","['{""schema"":null,""payload"":""<189>Oct 21 2024 11:02:28 GPN-0008_SBA-CR_M14-01 %%01SSH/5/SSH_USER_LOGIN(s):CID=0x80930488;The SSH user succeeded in logging in. (ServiceType=snetconf, UserName=nms_admin, UserAddress=172.31.25.125, LocalAddress=172.31.0.8, VPNInstanceName=_public_)""}']"
"('GPN-0007-SED-CR--M14-01', 'SSH', 'SSH_USER_LOGIN')","['{""schema"":null,""payload"":""<189>Oct 21 2024 11:02:29 GPN-0007_SED-CR_M14-01 %%01SSH/5/SSH_USER_LOGIN(s):CID=0x80930488;The SSH user succeeded in logging in. (ServiceType=snetconf, UserName=nms_admin, UserAddress=172.31.25.125, LocalAddress=172.31.0.6, VPNInstanceName=_public_)""}']"
"('GPN-0004-CHB-CR--M14-01', 'SSH', 'SSH_USER_LOGIN')","['{""schema"":null,""payload"":""<189>Oct 21 2024 11:02:28 GPN-0004_CHB-CR_M14-01 %%01SSH/5/SSH_USER_LOGIN(s):CID=0x80930446;The SSH user succeeded in logging in. (ServiceType=snetconf, UserName=nms_admin, UserAddress=172.31.25.125, LocalAddress=172.31.0.5, VPNInstanceName=_public_)""}']"
"('GBN-0006-WRD-CR--M14-02', 'SSH', 'SSH_USER_LOGIN_FAIL')","['{""schema"":null,""payload"":""<189>Oct 21 2024 11:02:31 GBN-0006_WRD-CR_M14-02 %%01SSH/5/SSH_USER_LOGIN_FAIL(s):CID=0x80930446;The SSH user failed to login. (ServiceType=, FailedReason=The IP has been blocked and you cannot log on it, UserName=Could not extract user name, UserAddress=172.31.25.125, LocalAddress=172.31.0.107, VPNInstanceName=_public_)""}']"
"('GBN-0006-WRD-CR--M14-02', 'SSH', 'IP_LOCKED')","['{""schema"":null,""payload"":""<188>Oct 21 2024 11:02:31 GBN-0006_WRD-CR_M14-02 %%01SSH/4/IP_LOCKED(s):CID=0x80930446;IP was locked. (IpAddress=172.31.25.125, VpnName=_public_, Period=5 minutes)""}']"
"('GPN-0005-75FOX-CR--X8-01', 'SNMP', 'SNMP_AUTHEN_FAILED')","['{""schema"":null,""payload"":""<187>Oct 21 2024 11:03:43 GPN-0005_75FOX-CR_X8-01 %%01SNMP/3/SNMP_AUTHEN_FAILED(s):CID=0x80d50412;Failed to login through SNMP. (Version=v1, UserName=**, Ip=165.90.35.98, VpnName=SKYWIRE.VPN, RequestID=1923, PduType=Get, Reason=Community is incorrect)\\r\\n""}']"
"('GPN-0005-75FOX-CR--X8-01', 'SNMP', 'SNMP_IPLOCK')","['{""schema"":null,""payload"":""<188>Oct 21 2024 11:03:43 GPN-0005_75FOX-CR_X8-01 %%01SNMP/4/SNMP_IPLOCK(s):CID=0x80d50412;The source IP was locked because of the failure of login through SNMP.(SourceIP=165.90.35.98, VPN=SKYWIRE.VPN)\\r\\n""}']"
"('GPN-0001-TLK-CR--M14-01', 'SSH', 'SSH_USER_LOGIN_FAIL')","['{""schema"":null,""payload"":""<189>Oct 21 2024 11:02:33 GPN-0001_TLK-CR_M14-01 %%01SSH/5/SSH_USER_LOGIN_FAIL(s):CID=0x80930446;The SSH user failed to login. (ServiceType=**, FailedReason=TCP disconnect from client, UserName=Could not extract user name, UserAddress=172.31.252.129, LocalAddress=172.31.0.3, VPNInstanceName=_public_)""}']"
"('GPN-0002-GST-DS--S97-01', 'ARP', 'ARP_DUPLICATE_IPADDR')","['{""schema"":null,""payload"":""<188>Oct 21 2024 11:02:34 GPN-0002_GST-DS_S97-01 %%01ARP/4/ARP_DUPLICATE_IPADDR(l)[4462]:Received an ARP packet with a duplicate IP address from the interface. (IpAddress=10.0.10.5, InterfaceName=Vlanif801, MacAddress=dc2c-6ec1-57e8)""}']"
"('GPN-0475-PHO-SEC-SCH-AR12-01', 'CPUP', 'CPU_USAGE_HIGH')","['{""schema"":null,""payload"":""<188>Oct 21 2024 11:02:35 GPN-0475_PHO-SEC-SCH_AR12-01 %%01CPUP/4/CPU_USAGE_HIGH(l)[541]:The data plane CPU is overloaded. (CpuUsage=95%, Threshold=95%)""}']"
"('GPN-0312-JW-LUC-CYC-AR12-01', 'SNMP', 'SNMP_LOG_IP_UNLOCK')","['{""schema"":null,""payload"":""<189>Oct 21 2024 11:29:09 GPN-0312_JW-LUC-CYC_AR12-01 %%01SNMP/5/SNMP_LOG_IP_UNLOCK(l)[2035]:The IP address of request message was unlocked because timeout. (SourceIPType=1, SourceIP=10.45.18.56)""}']"
"('GPN-0312-JW-LUC-CYC-AR12-01', 'SNMP', 'SNMP_IP_LOCK')","['{""schema"":null,""payload"":""<189>Oct 21 2024 11:29:09 GPN-0312_JW-LUC-CYC_AR12-01 %%01SNMP/5/SNMP_IP_LOCK(l)[2036]:The IP address of request message was locked because authentication failed. (SourceIPType=1, SourceIP=10.45.18.56)""}']"
"('GPN-0095-JHB-WES-EDU-AR22-01', 'FTPS', 'REQUEST')","['{""schema"":null,""payload"":""<189>Oct 21 2024 11:02:37 GPN-0095_JHB-WES-EDU_AR22-01 %%01FTPS/5/REQUEST(l)[12547]:The user had a request. (UserName=\\""\\"", IpAddress=IP/IPV6: 172.31.252.204 , VpnInstanceName=\\""VPN: \\"", Request=QUIT)""}']"
"('GPN-0022-BRA-EDU--AR22-01', 'CM', 'USER_ACCESSRESULT')","['{""schema"":null,""payload"":""<189>Oct 21 2024 11:02:40 GPN-0022_BRA-EDU_AR22-01 %%01CM/5/USER_ACCESSRESULT(s)[5281]:[USER_INFO_AUTHENTICATION]DEVICEMAC:e4-68-a3-ab-7f-20;DEVICENAME:GPN-0022_BRA-EDU_AR22-01;USER:soc_admin;MAC:ff-ff-ff-ff-ff-ff;TIME:1729508560;ZONE:UTC+0200;DAYLIGHT:false;ERRCODE:0;RESULT:success;""}']"
"('GPN-0022-BRA-EDU--AR22-01', 'SHELL', 'CMDRECORD')","['{""schema"":null,""payload"":""<189>Oct 21 2024 11:02:42 GPN-0022_BRA-EDU_AR22-01 %%01SHELL/5/CMDRECORD(l)[5284]:Record command information. (Task=vt0, Ip=10.255.253.18, User=soc_admin, Command=\\""log off (ssh user)\\"", Result=Success) ""}']"
"('GPN-0022-BRA-EDU--AR22-01', 'CM', 'USER_OFFLINERESULT')","['{""schema"":null,""payload"":""<189>Oct 21 2024 11:02:42 GPN-0022_BRA-EDU_AR22-01 %%01CM/5/USER_OFFLINERESULT(s)[5285]:[USER_INFO_OFFLINE]DEVICEMAC:e4-68-a3-ab-7f-20;DEVICENAME:GPN-0022_BRA-EDU_AR22-01;USER:soc_admin;MAC:ff-ff-ff-ff-ff-ff;TIME:1729508562;ZONE:UTC+0200;DAYLIGHT:false;ERRCODE:19;RESULT:User request to offline;""}']"
"('GPN-0022-BRA-EDU--AR22-01', 'CM', 'CM_USEROFFLINE')","['{""schema"":null,""payload"":""<189>Oct 21 2024 11:02:42 GPN-0022_BRA-EDU_AR22-01 %%01CM/5/CM_USEROFFLINE(s)[5286]:The user succeeded in going offline. (UserType=SSH, UserName=soc_admin, UserMac=, IP=10.255.253.18, VPNName=, AccessTime=2024/10/21 13:02:40, OfflineTime=2024/10/21 13:02:42, Reason=User request to offline)""}']"
"('GPN-0137-RAN-EDU--AR12-01', 'CM', 'USER_ACCESSRESULT')","['{""schema"":null,""payload"":""<189>Oct 21 2024 11:02:44 GPN-0137_RAN-EDU_AR12-01 %%01CM/5/USER_ACCESSRESULT(s)[272]:[USER_INFO_AUTHENTICATION]DEVICEMAC:24-9e-ab-a6-36-b0;DEVICENAME:GPN-0137_RAN-EDU_AR12-01;USER:soc_admin;MAC:ff-ff-ff-ff-ff-ff;TIME:1729508564;ZONE:UTC+0200;DAYLIGHT:false;ERRCODE:255;RESULT:success;""}']"
"('GPN-0137-RAN-EDU--AR12-01', 'SHELL', 'CMDRECORD')","['{""schema"":null,""payload"":""<189>Oct 21 2024 11:02:47 GPN-0137_RAN-EDU_AR12-01 %%01SHELL/5/CMDRECORD(l)[275]:Record command information. (Task=vt0, Ip=10.255.253.18, User=soc_admin, Command=\\""log off (ssh user)\\"", Result=Success) ""}']"
"('GPN-0137-RAN-EDU--AR12-01', 'CM', 'USER_OFFLINERESULT')","['{""schema"":null,""payload"":""<189>Oct 21 2024 11:02:47 GPN-0137_RAN-EDU_AR12-01 %%01CM/5/USER_OFFLINERESULT(s)[276]:[USER_INFO_OFFLINE]DEVICEMAC:24-9e-ab-a6-36-b0;DEVICENAME:GPN-0137_RAN-EDU_AR12-01;USER:soc_admin;MAC:ff-ff-ff-ff-ff-ff;TIME:1729508567;ZONE:UTC+0200;DAYLIGHT:false;ERRCODE:19;RESULT:User request to offline;""}']"
"('GPN-0137-RAN-EDU--AR12-01', 'CM', 'CM_USEROFFLINE')","['{""schema"":null,""payload"":""<189>Oct 21 2024 11:02:47 GPN-0137_RAN-EDU_AR12-01 %%01CM/5/CM_USEROFFLINE(s)[277]:The user succeeded in going offline. (UserType=SSH, UserName=soc_admin, UserMac=, IP=10.255.253.18, VPNName=, AccessTime=2024/10/21 13:02:44, OfflineTime=2024/10/21 13:02:47, Reason=User request to offline)""}']"
"('GPN-0004-CHB-CR--M14-02', 'SSH', 'SSH_USER_LOGIN_FAIL_SCHD')","['{""schema"":null,""payload"":""<189>Oct 21 2024 11:02:47 GPN-0004_CHB-CR_M14-02 %%01SSH/5/SSH_USER_LOGIN_FAIL_SCHD(l):CID=0x80930446;Failed to login through SSH 1 time(s) in last 1 minute(s).""}']"
"('GPN-4029-BRA-CLI--AR6121-01', 'INFO', 'SUPPRESS_LOG')","['{""schema"":null,""payload"":""<188>Oct 21 2024 11:05:24 GPN-4029_BRA-CLI_AR6121-01 %%01INFO/4/SUPPRESS_LOG(l)[2118]:Last message repeated 1 times.(InfoID=4284616749, ModuleName=DHCP, InfoAlias=WAITOFFER_TIMEOUT) ""}']"
"('GPN-1633-MAM-COM-SCH-AR22-01', 'INFO', 'SUPPRESS_LOG')","['{""schema"":null,""payload"":""<188>Oct 21 2024 19:30:41 GPN-1633_MAM-COM-SCH_AR22-01 %%01INFO/4/SUPPRESS_LOG(l)[9482]:Last message repeated 10 times.(InfoID=4280094721, ModuleName=SECE, InfoAlias=ARPMISS) ""}']"
"('GPN-0479-WES-RAN--AR22-01', 'INFO', 'SUPPRESS_LOG')","['{""schema"":null,""payload"":""<188>Oct 21 2024 11:02:54 GPN-0479_WES-RAN_AR22-01 %%01INFO/4/SUPPRESS_LOG(l)[1795]:Last message repeated 1 times.(InfoID=3247640584, ModuleName=LLDP, InfoAlias=BAD_PACKET) ""}']"
"('GPN-0063-KOP-HOS--AR12-01', 'SNMP', 'SNMP_LOG_IP_UNLOCK')","['{""schema"":null,""payload"":""<189>Oct 21 2024 11:03:32 GPN-0063_KOP-HOS_AR12-01 %%01SNMP/5/SNMP_LOG_IP_UNLOCK(l)[2681]:The IP address of request message was unlocked because timeout. (SourceIPType=1, SourceIP=10.190.2.134)""}']"
"('GPN-0490-SPR-DID--AR12-01', 'SHELL', 'CMDRECORD')","['{""schema"":null,""payload"":""<189>Oct 21 2024 11:03:15 GPN-0490_SPR-DID_AR12-01 %%01SHELL/5/CMDRECORD(l)[11122]:Record command information. (Task=vt1, Ip=10.255.253.18, User=soc_admin, Command=\\""log off (ssh user)\\"", Result=Success) ""}']"
"('GPN-0004-CHB-CR--M14-01', 'INFO', 'SUPPRESS_LOGINFO')","['{""schema"":null,""payload"":""<188>Oct 21 2024 11:03:06 GPN-0004_CHB-CR_M14-01 %%01INFO/4/SUPPRESS_LOGINFO(l):CID=0x8060041d;Log LLDP/LLDP_INTERFACE_REM_CHANGE is suppressed 58 in last 3600 seconds.""}']"
"('GBN-0091-JHB-CEN-EDU-AR12-01', 'CM', 'USER_ACCESSRESULT')","['{""schema"":null,""payload"":""<189>Oct 21 2024 11:03:15 GBN-0091_JHB-CEN-EDU_AR12-01 %%01CM/5/USER_ACCESSRESULT(s)[527]:[USER_INFO_AUTHENTICATION]DEVICEMAC:24-9e-ab-a6-35-0c;DEVICENAME:GBN-0091_JHB-CEN-EDU_AR12-01;USER:soc_admin;MAC:ff-ff-ff-ff-ff-ff;TIME:1729508595;ZONE:UTC+0200;DAYLIGHT:false;ERRCODE:255;RESULT:success;""}']"
"('GBN-0091-JHB-CEN-EDU-AR12-01', 'SHELL', 'CMDRECORD')","['{""schema"":null,""payload"":""<189>Oct 21 2024 11:03:34 GBN-0091_JHB-CEN-EDU_AR12-01 %%01SHELL/5/CMDRECORD(l)[530]:Record command information. (Task=vt0, Ip=10.255.253.18, User=soc_admin, Command=\\""log off (ssh user)\\"", Result=Success) ""}']"
"('GPN-0490-SPR-DID--AR12-01', 'CM', 'CM_USEROFFLINE')","['{""schema"":null,""payload"":""<189>Oct 21 2024 11:03:15 GPN-0490_SPR-DID_AR12-01 %%01CM/5/CM_USEROFFLINE(s)[11123]:The user succeeded in going offline. (UserType=SSH, UserName=soc_admin, UserMac=, IP=10.255.253.18, VPNName=, AccessTime=2024/10/21 13:03:02, OfflineTime=2024/10/21 13:03:15, Reason=User request to offline)""}']"
"('GPN-0783-FIR-STA-RAN-AR12-01', 'SECE', 'ARPMISS')","['{""schema"":null,""payload"":""<190>Oct 21 2024 11:03:18 GPN-0783_FIR-STA-RAN_AR12-01 %%01SECE/6/ARPMISS(l)[183]:Attack occurred.(AttackType=Arp Miss Attack, SourceInterface=GigabitEthernet0/0/1, SourceIP=10.210.104.181, AttackPackets=6 packets per second)""}']"
"('GPN-0555-GAU-AUT-LEA-AR12-01', 'INFO', 'SUPPRESS_LOG')","['{""schema"":null,""payload"":""<188>Oct 21 2024 11:03:21 GPN-0555_GAU-AUT-LEA_AR12-01 %%01INFO/4/SUPPRESS_LOG(l)[1636]:Last message repeated 81 times.(InfoID=3227586564, ModuleName=FTPS, InfoAlias=REQUEST) ""}']"
"('GPN-0005-75FOX-CR--X8-01', 'INFO', 'SUPPRESS_LOGINFO')","['{""schema"":null,""payload"":""<187>Oct 21 2024 11:03:23 GPN-0005_75FOX-CR_X8-01 %%01INFO/3/SUPPRESS_LOGINFO(l):CID=0x80600410;Log SNMP/SNMP_AUTHEN_FAILED is suppressed 1 in last 60 seconds.\\r\\n""}']"
"('GBN-0006-WRD-CR--M14-01', 'SSH', 'SSH_USER_LOGIN_FAIL_SCHD')","['{""schema"":null,""payload"":""<189>Oct 21 2024 11:03:24 GBN-0006_WRD-CR_M14-01 %%01SSH/5/SSH_USER_LOGIN_FAIL_SCHD(l):CID=0x80930446;Failed to login through SSH 8 time(s) in last 1 minute(s).""}']"
"('GBN-0001-TLK-CR--M14-02', 'SSH', 'SSH_USER_LOGIN_FAIL_SCHD')","['{""schema"":null,""payload"":""<189>Oct 21 2024 10:33:57 GBN-0001_TLK-CR_M14-02 %%01SSH/5/SSH_USER_LOGIN_FAIL_SCHD(l):CID=0x80930446;Failed to login through SSH 8 time(s) in last 1 minute(s).""}']"
"('GBN-0099-VER-SED-EAS-AR12-01', 'CM', 'USER_ACCESSRESULT')","['{""schema"":null,""payload"":""<189>Oct 21 2024 11:03:28 GBN-0099_VER-SED-EAS_AR12-01 %%01CM/5/USER_ACCESSRESULT(s)[2119]:[USER_INFO_AUTHENTICATION]DEVICEMAC:24-9e-ab-a6-48-f9;DEVICENAME:GBN-0099_VER-SED-EAS_AR12-01;USER:soc_admin;MAC:ff-ff-ff-ff-ff-ff;TIME:1729508608;ZONE:UTC+0200;DAYLIGHT:false;ERRCODE:255;RESULT:success;""}']"
"('GBN-0099-VER-SED-EAS-AR12-01', 'SHELL', 'CMDRECORD')","['{""schema"":null,""payload"":""<189>Oct 21 2024 11:03:39 GBN-0099_VER-SED-EAS_AR12-01 %%01SHELL/5/CMDRECORD(l)[2122]:Record command information. (Task=vt1, Ip=10.255.253.18, User=soc_admin, Command=\\""log off (ssh user)\\"", Result=Success) ""}']"
"('GPN-0101-JUB-HOS--AR12-01', 'FTPS', 'REQUEST')","['{""schema"":null,""payload"":""<189>Oct 21 2024 11:39:54 GPN-0101_JUB-HOS_AR12-01 %%01FTPS/5/REQUEST(l)[180]:The user had a request. (UserName=\\""\\"", IpAddress=IP/IPV6: 172.31.252.204 , VpnInstanceName=\\""VPN: \\"", Request=QUIT)""}']"
"('GBN-0006-WRD-CR--M14-02', 'SSH', 'SSH_USER_LOGIN_FAIL_SCHD')","['{""schema"":null,""payload"":""<189>Oct 21 2024 11:03:29 GBN-0006_WRD-CR_M14-02 %%01SSH/5/SSH_USER_LOGIN_FAIL_SCHD(l):CID=0x80930446;Failed to login through SSH 8 time(s) in last 1 minute(s).""}']"
"('GPN-0001-TLK-CR--M14-01', 'SSH', 'SSH_USER_LOGIN_FAIL_SCHD')","['{""schema"":null,""payload"":""<189>Oct 21 2024 11:03:33 GPN-0001_TLK-CR_M14-01 %%01SSH/5/SSH_USER_LOGIN_FAIL_SCHD(l):CID=0x80930446;Failed to login through SSH 1 time(s) in last 1 minute(s).""}']"
"('GBN-0091-JHB-CEN-EDU-AR12-01', 'CM', 'USER_OFFLINERESULT')","['{""schema"":null,""payload"":""<189>Oct 21 2024 11:03:34 GBN-0091_JHB-CEN-EDU_AR12-01 %%01CM/5/USER_OFFLINERESULT(s)[531]:[USER_INFO_OFFLINE]DEVICEMAC:24-9e-ab-a6-35-0c;DEVICENAME:GBN-0091_JHB-CEN-EDU_AR12-01;USER:soc_admin;MAC:ff-ff-ff-ff-ff-ff;TIME:1729508614;ZONE:UTC+0200;DAYLIGHT:false;ERRCODE:19;RESULT:User request to offline;""}']"
"('GBN-0091-JHB-CEN-EDU-AR12-01', 'CM', 'CM_USEROFFLINE')","['{""schema"":null,""payload"":""<189>Oct 21 2024 11:03:34 GBN-0091_JHB-CEN-EDU_AR12-01 %%01CM/5/CM_USEROFFLINE(s)[532]:The user succeeded in going offline. (UserType=SSH, UserName=soc_admin, UserMac=, IP=10.255.253.18, VPNName=, AccessTime=2024/10/21 13:03:15, OfflineTime=2024/10/21 13:03:34, Reason=User request to offline)""}']"
"('GPN-0782-FIR-STA-MOG-AR12-01', 'SECE', 'ARPMISS')","['{""schema"":null,""payload"":""<190>Oct 21 2024 11:03:38 GPN-0782_FIR-STA-MOG_AR12-01 %%01SECE/6/ARPMISS(l)[1099]:Attack occurred.(AttackType=Arp Miss Attack, SourceInterface=GigabitEthernet0/0/1, SourceIP=10.210.104.181, AttackPackets=6 packets per second)""}']"
"('GBN-0099-VER-SED-EAS-AR12-01', 'CM', 'USER_OFFLINERESULT')","['{""schema"":null,""payload"":""<189>Oct 21 2024 11:03:39 GBN-0099_VER-SED-EAS_AR12-01 %%01CM/5/USER_OFFLINERESULT(s)[2123]:[USER_INFO_OFFLINE]DEVICEMAC:24-9e-ab-a6-48-f9;DEVICENAME:GBN-0099_VER-SED-EAS_AR12-01;USER:soc_admin;MAC:ff-ff-ff-ff-ff-ff;TIME:1729508619;ZONE:UTC+0200;DAYLIGHT:false;ERRCODE:19;RESULT:User request to offline;""}']"
"('GBN-0099-VER-SED-EAS-AR12-01', 'CM', 'CM_USEROFFLINE')","['{""schema"":null,""payload"":""<189>Oct 21 2024 11:03:39 GBN-0099_VER-SED-EAS_AR12-01 %%01CM/5/CM_USEROFFLINE(s)[2124]:The user succeeded in going offline. (UserType=SSH, UserName=soc_admin, UserMac=, IP=10.255.253.18, VPNName=, AccessTime=2024/10/21 13:03:28, OfflineTime=2024/10/21 13:03:39, Reason=User request to offline)""}']"
"('GBN-0081-LEN-SOC-DEV-AR12-01', 'CM', 'USER_ACCESSRESULT')","['{""schema"":null,""payload"":""<189>Oct 21 2024 11:03:41 GBN-0081_LEN-SOC-DEV_AR12-01 %%01CM/5/USER_ACCESSRESULT(s)[310]:[USER_INFO_AUTHENTICATION]DEVICEMAC:24-9e-ab-a6-35-2a;DEVICENAME:GBN-0081_LEN-SOC-DEV_AR12-01;USER:soc_admin;MAC:ff-ff-ff-ff-ff-ff;TIME:1729508621;ZONE:UTC+0200;DAYLIGHT:false;ERRCODE:255;RESULT:success;""}']"
"('GBN-0081-LEN-SOC-DEV-AR12-01', 'SHELL', 'CMDRECORD')","['{""schema"":null,""payload"":""<189>Oct 21 2024 11:03:43 GBN-0081_LEN-SOC-DEV_AR12-01 %%01SHELL/5/CMDRECORD(l)[312]:Record command information. (Task=vt0, Ip=10.255.253.18, User=soc_admin, Command=\\""display arp all\\"", Result=Success) ""}']"
"('GPN-0342-DAR-CIT-CLI-AR12-01', 'SHELL', 'CMDRECORD')","['{""schema"":null,""payload"":""<189>Oct 21 2024 11:03:44 GPN-0342_DAR-CIT-CLI_AR12-01 %%01SHELL/5/CMDRECORD(l)[170]:Record command information. (Task=Co0, Ip=**, User=**, Command=\\""log on fail\\"", Result=Success) ""}']"
"('GBN-0002-GST-CR--M14-02', 'SSH', 'SSHS_IP_BLOCK_CLIENT')","['{""schema"":null,""payload"":""<188>Oct 21 2024 11:03:45 GBN-0002_GST-CR_M14-02 %%01SSH/4/SSHS_IP_BLOCK_CLIENT(s):CID=0x80930446;SSH client IP blocked due to authentication failure in last 1 hour. (IpAddress=172.31.25.125, VpnName=_public_, BlockCount=1)""}']"
"('GPN-0977-RIV-SEC-SCH-AR12-01', 'NTP', 'SOURCE_LOST')","['{""schema"":null,""payload"":""<188>Oct 21 2024 11:03:46 GPN-0977_RIV-SEC-SCH_AR12-01 %%01NTP/4/SOURCE_LOST(l)[225]:System synchronization source lost.""}']"
"('GPN-0977-RIV-SEC-SCH-AR12-01', 'NTP', 'PEER_SELE')","['{""schema"":null,""payload"":""<188>Oct 21 2024 11:03:46 GPN-0977_RIV-SEC-SCH_AR12-01 %%01NTP/4/PEER_SELE(l)[229]:The peer selected by the system is 172.31.25.1.""}']"
"('GPN-0977-RIV-SEC-SCH-AR12-01', 'NTP', 'LEAP_CHANGE')","['{""schema"":null,""payload"":""<188>Oct 21 2024 11:03:46 GPN-0977_RIV-SEC-SCH_AR12-01 %%01NTP/4/LEAP_CHANGE(l)[227]:System leap changes from 3 to 0 after clock update.""}']"
"('GPN-0977-RIV-SEC-SCH-AR12-01', 'NTP', 'STRATUM_CHANGE')","['{""schema"":null,""payload"":""<188>Oct 21 2024 11:03:46 GPN-0977_RIV-SEC-SCH_AR12-01 %%01NTP/4/STRATUM_CHANGE(l)[228]:System stratum changes from 16 to 2 after clock update.""}']"
"('GPN-1093-REA-SEC-SCH-AR12-01', 'INFO', 'SUPPRESS_LOG')","['{""schema"":null,""payload"":""<188>Oct 21 2024 11:03:48 GPN-1093_REA-SEC-SCH_AR12-01 %%01INFO/4/SUPPRESS_LOG(l)[625102]:Last message repeated 3898 times.(InfoID=3230470157, ModuleName=QOS, InfoAlias=SACL_LOG) ""}']"
